"","trend_type","label","years","CI_high","CI_low","LPI_final","sim"
"1","Concave Decrease","20%",1950,1,1,1,"median"
"2","Concave Decrease","20%",1951,1.03929696998112,0.95550453540785,0.996095067910583,"median"
"3","Concave Decrease","20%",1952,1.05179935237998,0.951338624599061,0.997357473787356,"median"
"4","Concave Decrease","20%",1953,1.06429364713599,0.953315516721724,1.00186550495005,"median"
"5","Concave Decrease","20%",1954,1.07942676110879,0.957158218132401,1.00711789265977,"median"
"6","Concave Decrease","20%",1955,1.09247950857491,0.961678668406946,1.02108615563474,"median"
"7","Concave Decrease","20%",1956,1.11196051589899,0.971246988905098,1.03710318411624,"median"
"8","Concave Decrease","20%",1957,1.13157813617989,0.987294038833551,1.05179881646415,"median"
"9","Concave Decrease","20%",1958,1.14928116712255,1.00073883063022,1.06583657990976,"median"
"10","Concave Decrease","20%",1959,1.17364998972195,1.01035760763561,1.0816034530259,"median"
"11","Concave Decrease","20%",1960,1.19884170619732,1.02032768027128,1.09994155980127,"median"
"12","Concave Decrease","20%",1961,1.21950579987586,1.02564690081333,1.11209024448058,"median"
"13","Concave Decrease","20%",1962,1.22774462837806,1.02669135242263,1.11570582437233,"median"
"14","Concave Decrease","20%",1963,1.227240213445,1.02790462015292,1.11434550306009,"median"
"15","Concave Decrease","20%",1964,1.21705440750098,1.01939701519433,1.1049603884335,"median"
"16","Concave Decrease","20%",1965,1.20242554684386,1.00663314771767,1.09107429942285,"median"
"17","Concave Decrease","20%",1966,1.19635791540148,0.996277888920904,1.0883104248256,"median"
"18","Concave Decrease","20%",1967,1.19801523778146,0.996299221322405,1.08702471821934,"median"
"19","Concave Decrease","20%",1968,1.20356211406493,0.997251947057742,1.08493529391603,"median"
"20","Concave Decrease","20%",1969,1.20877672569129,0.995574940317293,1.087211747038,"median"
"21","Concave Decrease","20%",1970,1.20546229917101,0.993205258219175,1.08874192396086,"median"
"22","Concave Decrease","20%",1971,1.20281352224759,0.985413776910434,1.08081132318882,"median"
"23","Concave Decrease","20%",1972,1.19842013212453,0.985313397807951,1.07374404954175,"median"
"24","Concave Decrease","20%",1973,1.20420079584952,0.983890509130544,1.07770843452357,"median"
"25","Concave Decrease","20%",1974,1.21688212786361,0.990085179654836,1.08501873379002,"median"
"26","Concave Decrease","20%",1975,1.22612126994668,0.993528616938552,1.08761293284354,"median"
"27","Concave Decrease","20%",1976,1.22051564934765,0.990862916323486,1.08639549238904,"median"
"28","Concave Decrease","20%",1977,1.21633425908487,0.978371431707738,1.0783955622055,"median"
"29","Concave Decrease","20%",1978,1.20877849248178,0.969438207359008,1.07470318001922,"median"
"30","Concave Decrease","20%",1979,1.20349932484863,0.965307864023993,1.07113557729337,"median"
"31","Concave Decrease","20%",1980,1.1992069545566,0.961760605418502,1.06643696817085,"median"
"32","Concave Decrease","20%",1981,1.19510389909656,0.954044722562793,1.05934855241482,"median"
"33","Concave Decrease","20%",1982,1.1881682130356,0.941132326500027,1.04976783173102,"median"
"34","Concave Decrease","20%",1983,1.17651870662967,0.929984473639726,1.03801458799145,"median"
"35","Concave Decrease","20%",1984,1.17527006014898,0.928445268482787,1.03368261676285,"median"
"36","Concave Decrease","20%",1985,1.18122859879703,0.932383862330932,1.03634412710682,"median"
"37","Concave Decrease","20%",1986,1.18722123754782,0.933537648691954,1.04273094428152,"median"
"38","Concave Decrease","20%",1987,1.1903934797879,0.936964623894542,1.04628879263397,"median"
"39","Concave Decrease","20%",1988,1.18270745808877,0.928461789501374,1.03677718557578,"median"
"40","Concave Decrease","20%",1989,1.16878122646114,0.913446896238104,1.02868889584999,"median"
"41","Concave Decrease","20%",1990,1.15860096294491,0.904984582066706,1.02029077306849,"median"
"42","Concave Decrease","20%",1991,1.16155653238241,0.90272774246487,1.01880150831993,"median"
"43","Concave Decrease","20%",1992,1.17682265785073,0.910800022668724,1.02600133849834,"median"
"44","Concave Decrease","20%",1993,1.19210124094258,0.911719853430635,1.03138646265527,"median"
"45","Concave Decrease","20%",1994,1.19569085178877,0.908508888295717,1.03391286145201,"median"
"46","Concave Decrease","20%",1995,1.18252857500206,0.896403391549804,1.02165373100299,"median"
"47","Concave Decrease","20%",1996,1.15411256145297,0.878274188689997,0.995098090279809,"median"
"48","Concave Decrease","20%",1997,1.12195392961853,0.8605723413285,0.970730015714971,"median"
"49","Concave Decrease","20%",1998,1.10263355016159,0.841125757786146,0.954300705148,"median"
"50","Concave Decrease","20%",1999,1.0875635758476,0.829528646936453,0.942466490423081,"median"
"51","Concave Decrease","20%",2000,1.07538714344301,0.821567793934168,0.934864607179288,"median"
"52","Concave Decrease","20%",2001,1.06671081698724,0.815118732520126,0.923070731988636,"median"
"53","Concave Decrease","20%",2002,1.05832737435791,0.806834695991968,0.912749217690725,"median"
"54","Concave Decrease","20%",2003,1.04651993105413,0.796759607233482,0.902800512904193,"median"
"55","Concave Decrease","20%",2004,1.02768521448317,0.778274185155852,0.887149714370342,"median"
"56","Concave Decrease","20%",2005,1.00517116957436,0.759102046425618,0.866470870144589,"median"
"57","Concave Decrease","20%",2006,0.976088610517161,0.7372883400014,0.84036662108309,"median"
"58","Concave Decrease","20%",2007,0.949552348581981,0.713097248147819,0.815536060915729,"median"
"59","Concave Decrease","20%",2008,0.924580142468738,0.694964901603348,0.795109241541377,"median"
"60","Concave Decrease","20%",2009,0.909404330682868,0.683142762261273,0.78297610853226,"median"
"61","Concave Decrease","20%",2010,0.900146207889227,0.672754806273173,0.771304588112753,"median"
"62","Concave Decrease","20%",2011,0.881661546214081,0.653471919637335,0.75052028727836,"median"
"63","Concave Decrease","20%",2012,0.845099373542016,0.625377363812851,0.719527823737918,"median"
"64","Concave Decrease","20%",2013,0.794795322641599,0.590461377754549,0.679848798906533,"median"
"65","Concave Decrease","20%",2014,0.744687278476492,0.552571618012181,0.635432568171936,"median"
"66","Concave Decrease","20%",2015,0.69694747833138,0.517045030602888,0.596876254810922,"median"
"67","Concave Decrease","20%",2016,0.657101785411484,0.485393544440934,0.560459873992724,"median"
"68","Concave Decrease","20%",2017,0.616197516311197,0.456021506242593,0.523942821438532,"median"
"69","Concave Decrease","20%",2018,0.574268509620943,0.423318219139796,0.488849885067663,"median"
"70","Concave Decrease","20%",2019,0.53288658369193,0.388254537279912,0.452815679072682,"median"
"71","Concave Decrease","20%",2020,0.485924494873102,0.353055924834843,0.413845335391992,"median"
"72","Concave Decrease","20%",2021,0.485924494873102,0.353055924834843,0.413845335391992,"median"
"73","Concave Decrease","40%",1950,1,1,1,"median"
"74","Concave Decrease","40%",1951,1.03026761938913,0.937489894582572,0.987597229090532,"median"
"75","Concave Decrease","40%",1952,1.04720338954253,0.932020843305291,0.988894372783427,"median"
"76","Concave Decrease","40%",1953,1.06681484639791,0.936200398687561,0.995080025751836,"median"
"77","Concave Decrease","40%",1954,1.07837373126811,0.940294789702796,1.00227135625477,"median"
"78","Concave Decrease","40%",1955,1.10399524848817,0.953760462900519,1.01910207545075,"median"
"79","Concave Decrease","40%",1956,1.11854356885975,0.950366197314053,1.02950605867198,"median"
"80","Concave Decrease","40%",1957,1.13910324167842,0.959998394788353,1.03821583829392,"median"
"81","Concave Decrease","40%",1958,1.16315734053243,0.978433833960515,1.05965179004469,"median"
"82","Concave Decrease","40%",1959,1.18674269272347,0.988288366566808,1.07412643679594,"median"
"83","Concave Decrease","40%",1960,1.21347841068283,1.00318970616082,1.09206433677257,"median"
"84","Concave Decrease","40%",1961,1.22586820665103,1.00700233791569,1.10496901155529,"median"
"85","Concave Decrease","40%",1962,1.22873605017608,1.01136997900615,1.10685720193284,"median"
"86","Concave Decrease","40%",1963,1.23027519497639,1.00984172540428,1.10678650835099,"median"
"87","Concave Decrease","40%",1964,1.21802592871521,0.991063061125617,1.09865485111883,"median"
"88","Concave Decrease","40%",1965,1.21406031744246,0.983247960477043,1.08797379479081,"median"
"89","Concave Decrease","40%",1966,1.21204533644419,0.97645407418763,1.07839479096206,"median"
"90","Concave Decrease","40%",1967,1.21058154903521,0.969891538424078,1.07491868908259,"median"
"91","Concave Decrease","40%",1968,1.21117849971967,0.966286357556574,1.07062188935525,"median"
"92","Concave Decrease","40%",1969,1.21400734848867,0.967970884784768,1.08168358322902,"median"
"93","Concave Decrease","40%",1970,1.21681558631721,0.96760218466297,1.07960662596851,"median"
"94","Concave Decrease","40%",1971,1.21814879211454,0.961277318948633,1.07820141163385,"median"
"95","Concave Decrease","40%",1972,1.21734376661815,0.9624134740405,1.06979529332696,"median"
"96","Concave Decrease","40%",1973,1.22661666658582,0.96369220411377,1.07649648055225,"median"
"97","Concave Decrease","40%",1974,1.22337802313923,0.958800255435022,1.08084012163362,"median"
"98","Concave Decrease","40%",1975,1.23137219035742,0.963810485631308,1.07919825802389,"median"
"99","Concave Decrease","40%",1976,1.23239426520226,0.955219978780977,1.07906174894657,"median"
"100","Concave Decrease","40%",1977,1.22015531929518,0.949123297646721,1.07096585164335,"median"
"101","Concave Decrease","40%",1978,1.21508734558355,0.940038586544631,1.06245936778347,"median"
"102","Concave Decrease","40%",1979,1.22383121779972,0.939260577757198,1.06407511811974,"median"
"103","Concave Decrease","40%",1980,1.2250324600447,0.934263798546266,1.06715783040197,"median"
"104","Concave Decrease","40%",1981,1.21930373126219,0.923604054992121,1.06283003063451,"median"
"105","Concave Decrease","40%",1982,1.20438542239115,0.914861655730015,1.05371084238859,"median"
"106","Concave Decrease","40%",1983,1.19532554401695,0.906683198626177,1.04584833054306,"median"
"107","Concave Decrease","40%",1984,1.19609502799131,0.903006696934254,1.0423611030851,"median"
"108","Concave Decrease","40%",1985,1.19756506248574,0.900352618743138,1.0373744236578,"median"
"109","Concave Decrease","40%",1986,1.19964595716736,0.901955395264805,1.03639386491546,"median"
"110","Concave Decrease","40%",1987,1.20098375298225,0.897295379927806,1.03324443659119,"median"
"111","Concave Decrease","40%",1988,1.19557906643563,0.895615176551218,1.03244380806043,"median"
"112","Concave Decrease","40%",1989,1.20009317452551,0.880453285961489,1.03026784845825,"median"
"113","Concave Decrease","40%",1990,1.1881763199511,0.876824904775837,1.01198194414181,"median"
"114","Concave Decrease","40%",1991,1.18890585074682,0.875309784961725,1.02241009218264,"median"
"115","Concave Decrease","40%",1992,1.20709241068492,0.879328960997685,1.02360828635992,"median"
"116","Concave Decrease","40%",1993,1.22089851038094,0.880703106548839,1.02558126394674,"median"
"117","Concave Decrease","40%",1994,1.22267401361543,0.882065589525964,1.02256107733531,"median"
"118","Concave Decrease","40%",1995,1.1957338302292,0.866925995198535,1.00805363259942,"median"
"119","Concave Decrease","40%",1996,1.16920451712215,0.849004128707562,0.986924070461019,"median"
"120","Concave Decrease","40%",1997,1.14939025217841,0.829721814327432,0.973711592239621,"median"
"121","Concave Decrease","40%",1998,1.12906063497043,0.815694649396226,0.955815133802374,"median"
"122","Concave Decrease","40%",1999,1.11250969449837,0.801805861567079,0.942300840870564,"median"
"123","Concave Decrease","40%",2000,1.09662595886253,0.78658935831842,0.932837265724878,"median"
"124","Concave Decrease","40%",2001,1.08721568250931,0.772692128765556,0.924558130137131,"median"
"125","Concave Decrease","40%",2002,1.07853749633039,0.769330118962514,0.910881676239437,"median"
"126","Concave Decrease","40%",2003,1.06382916302555,0.75572702999815,0.899664210243575,"median"
"127","Concave Decrease","40%",2004,1.04088698862363,0.738917754962951,0.882345863980331,"median"
"128","Concave Decrease","40%",2005,1.01646268454898,0.72165283191983,0.860560790165943,"median"
"129","Concave Decrease","40%",2006,0.997178537568985,0.702886142396618,0.831191924442344,"median"
"130","Concave Decrease","40%",2007,0.974362625575473,0.684629871408106,0.814975941112477,"median"
"131","Concave Decrease","40%",2008,0.954604328931021,0.669696478700553,0.786144818086035,"median"
"132","Concave Decrease","40%",2009,0.931250417043799,0.656199726132198,0.775289450417251,"median"
"133","Concave Decrease","40%",2010,0.914041554001058,0.6465958857487,0.757661306538146,"median"
"134","Concave Decrease","40%",2011,0.889335668182235,0.628034384936768,0.739087376300023,"median"
"135","Concave Decrease","40%",2012,0.854770081790648,0.602716729732707,0.712486172060628,"median"
"136","Concave Decrease","40%",2013,0.813166045381802,0.570186130974208,0.678169297220957,"median"
"137","Concave Decrease","40%",2014,0.764314616533911,0.532792746110757,0.629400765157524,"median"
"138","Concave Decrease","40%",2015,0.716511632462812,0.501272918576135,0.590926247402783,"median"
"139","Concave Decrease","40%",2016,0.677244917056815,0.470109618546234,0.559436497679439,"median"
"140","Concave Decrease","40%",2017,0.632763463854427,0.435897268424361,0.523467771287753,"median"
"141","Concave Decrease","40%",2018,0.589503821968011,0.406964985098319,0.48842624182277,"median"
"142","Concave Decrease","40%",2019,0.545556188394774,0.375908699730949,0.451650302354144,"median"
"143","Concave Decrease","40%",2020,0.498048439956074,0.340572932667561,0.412598246326219,"median"
"144","Concave Decrease","40%",2021,0.498048439956074,0.340572932667561,0.412598246326219,"median"
"145","Concave Decrease","60%",1950,1,1,1,"median"
"146","Concave Decrease","60%",1951,1.03015531191029,0.927622463929455,0.97634332505439,"median"
"147","Concave Decrease","60%",1952,1.0705435683991,0.909898373578021,0.984546784544156,"median"
"148","Concave Decrease","60%",1953,1.09681309256434,0.912028261529481,0.999001549976749,"median"
"149","Concave Decrease","60%",1954,1.1099317139116,0.896257965501701,0.995056758726253,"median"
"150","Concave Decrease","60%",1955,1.14596368734084,0.913644050419457,1.00199358890691,"median"
"151","Concave Decrease","60%",1956,1.16140881161039,0.908886514032334,1.0225818406494,"median"
"152","Concave Decrease","60%",1957,1.16960780286759,0.919800987384426,1.03333319376647,"median"
"153","Concave Decrease","60%",1958,1.1948813681803,0.935633811321465,1.05400554184594,"median"
"154","Concave Decrease","60%",1959,1.22357814060977,0.950362439927934,1.07021744606382,"median"
"155","Concave Decrease","60%",1960,1.24919866235146,0.966475079069444,1.09748869349473,"median"
"156","Concave Decrease","60%",1961,1.27527291121611,0.978301535904285,1.12138737250324,"median"
"157","Concave Decrease","60%",1962,1.27490357717086,0.97140430785592,1.11568814318337,"median"
"158","Concave Decrease","60%",1963,1.2859515087225,0.969201307739866,1.1135036912144,"median"
"159","Concave Decrease","60%",1964,1.27131245538957,0.946097709770882,1.0913039600933,"median"
"160","Concave Decrease","60%",1965,1.26162434352867,0.938865514001515,1.09045717719227,"median"
"161","Concave Decrease","60%",1966,1.26156109548637,0.925962732532746,1.08044724618645,"median"
"162","Concave Decrease","60%",1967,1.26650370151319,0.92395204629142,1.07301224311145,"median"
"163","Concave Decrease","60%",1968,1.25614038382313,0.920692473405884,1.07373732227352,"median"
"164","Concave Decrease","60%",1969,1.2639337211885,0.915467262283938,1.07749401082772,"median"
"165","Concave Decrease","60%",1970,1.26848165612459,0.921379955371394,1.08567731011338,"median"
"166","Concave Decrease","60%",1971,1.2693927493596,0.919843703360892,1.0846978797196,"median"
"167","Concave Decrease","60%",1972,1.27835018941499,0.909266457359497,1.07818968500028,"median"
"168","Concave Decrease","60%",1973,1.28408281977444,0.907013730249298,1.08004832962011,"median"
"169","Concave Decrease","60%",1974,1.28561787416276,0.89078331325817,1.08073208654904,"median"
"170","Concave Decrease","60%",1975,1.28836729228131,0.887671461216991,1.07520093549764,"median"
"171","Concave Decrease","60%",1976,1.28889482568106,0.883277409551676,1.07258566159947,"median"
"172","Concave Decrease","60%",1977,1.29635541359583,0.888954315025856,1.07200715469781,"median"
"173","Concave Decrease","60%",1978,1.27985913199862,0.877970497196257,1.05964220674283,"median"
"174","Concave Decrease","60%",1979,1.28834040369887,0.866726390925361,1.05780810074656,"median"
"175","Concave Decrease","60%",1980,1.28967947436845,0.871372287733532,1.06113456580164,"median"
"176","Concave Decrease","60%",1981,1.28277176292772,0.865669068477964,1.05383139386812,"median"
"177","Concave Decrease","60%",1982,1.25455788020856,0.840440838619711,1.02814957363087,"median"
"178","Concave Decrease","60%",1983,1.25284617290824,0.838773820193616,1.01941034236133,"median"
"179","Concave Decrease","60%",1984,1.25216925543731,0.837693687707824,1.02523264749755,"median"
"180","Concave Decrease","60%",1985,1.25228398517679,0.837863888741775,1.02894922564389,"median"
"181","Concave Decrease","60%",1986,1.28215814945215,0.846940364351183,1.04158785651485,"median"
"182","Concave Decrease","60%",1987,1.27346912760796,0.836145481076502,1.03508566757357,"median"
"183","Concave Decrease","60%",1988,1.26977631046454,0.829768818185343,1.02772748702407,"median"
"184","Concave Decrease","60%",1989,1.25978776942219,0.823393916310515,1.02219092047011,"median"
"185","Concave Decrease","60%",1990,1.25983525302168,0.822498620267804,1.01159552264839,"median"
"186","Concave Decrease","60%",1991,1.26327166535083,0.823949469825101,1.01326059228973,"median"
"187","Concave Decrease","60%",1992,1.26035881946093,0.816855148900199,1.01682118140658,"median"
"188","Concave Decrease","60%",1993,1.27921591850479,0.817136790316511,1.02238827067313,"median"
"189","Concave Decrease","60%",1994,1.31286063601378,0.825987404260029,1.0358249410889,"median"
"190","Concave Decrease","60%",1995,1.27919901383398,0.807992778635607,1.017123430788,"median"
"191","Concave Decrease","60%",1996,1.25483066109574,0.79078079778156,0.998053314083885,"median"
"192","Concave Decrease","60%",1997,1.21451825285553,0.762966214331927,0.966012285086411,"median"
"193","Concave Decrease","60%",1998,1.19943257354647,0.750087627812891,0.950453350135432,"median"
"194","Concave Decrease","60%",1999,1.18997006562312,0.740754785972056,0.933616892384592,"median"
"195","Concave Decrease","60%",2000,1.17559135054519,0.732439653840866,0.925145349471792,"median"
"196","Concave Decrease","60%",2001,1.16535369059006,0.724959224308017,0.913908101404467,"median"
"197","Concave Decrease","60%",2002,1.14959250878037,0.717350024499156,0.903751063123413,"median"
"198","Concave Decrease","60%",2003,1.13402677628051,0.708135126142559,0.89270868815157,"median"
"199","Concave Decrease","60%",2004,1.11955611041508,0.693450812239845,0.874813959237932,"median"
"200","Concave Decrease","60%",2005,1.09203008235716,0.67052367680694,0.853043703060598,"median"
"201","Concave Decrease","60%",2006,1.06331472371095,0.649762122524126,0.829095545628696,"median"
"202","Concave Decrease","60%",2007,1.02802987290872,0.629252239000137,0.801140994791619,"median"
"203","Concave Decrease","60%",2008,1.00205431149978,0.607493196521073,0.780402779585623,"median"
"204","Concave Decrease","60%",2009,0.994571145864111,0.605837016172156,0.776518014682508,"median"
"205","Concave Decrease","60%",2010,0.983112426246607,0.602857394756004,0.76844271148589,"median"
"206","Concave Decrease","60%",2011,0.956506161101814,0.57863077104027,0.745062402469508,"median"
"207","Concave Decrease","60%",2012,0.915187731255129,0.5527093974661,0.720835544455324,"median"
"208","Concave Decrease","60%",2013,0.863624531101589,0.520492182644007,0.671750362276752,"median"
"209","Concave Decrease","60%",2014,0.804291733530018,0.482562285508526,0.626468354717313,"median"
"210","Concave Decrease","60%",2015,0.759885030522453,0.454809284762284,0.588203575951417,"median"
"211","Concave Decrease","60%",2016,0.730551961605157,0.433426390202966,0.561771198990259,"median"
"212","Concave Decrease","60%",2017,0.667178381010368,0.38811705894943,0.510535881659074,"median"
"213","Concave Decrease","60%",2018,0.63396525937056,0.366784265328476,0.483404582877156,"median"
"214","Concave Decrease","60%",2019,0.591193151012912,0.336896603523029,0.452172641261467,"median"
"215","Concave Decrease","60%",2020,0.54214842365538,0.308625768222585,0.411183124154332,"median"
"216","Concave Decrease","60%",2021,0.54214842365538,0.308625768222585,0.411183124154332,"median"
"217","Concave Decrease","80%",1950,1,1,1,"median"
"218","Concave Decrease","80%",1951,1.01089659187469,0.987843492836395,1,"median"
"219","Concave Decrease","80%",1952,1.04952969988448,0.96381898992427,1.00576350560454,"median"
"220","Concave Decrease","80%",1953,1.08541148451795,0.952144454226445,1.01560726564336,"median"
"221","Concave Decrease","80%",1954,1.09451160129866,0.953837982457544,1.01270758871193,"median"
"222","Concave Decrease","80%",1955,1.1026078368561,0.940564352125722,1.01992137570095,"median"
"223","Concave Decrease","80%",1956,1.12250866350757,0.950207718105423,1.0352800006366,"median"
"224","Concave Decrease","80%",1957,1.14515103454192,0.961620510834372,1.05040592064377,"median"
"225","Concave Decrease","80%",1958,1.16218607992602,0.974010610076079,1.06298817861056,"median"
"226","Concave Decrease","80%",1959,1.18084533761672,0.969099881284728,1.07580119084218,"median"
"227","Concave Decrease","80%",1960,1.20849428747558,0.980253607075401,1.09092619571306,"median"
"228","Concave Decrease","80%",1961,1.22473567495166,0.987375836629764,1.10338203036258,"median"
"229","Concave Decrease","80%",1962,1.22548524816397,0.987366397368958,1.09996576184591,"median"
"230","Concave Decrease","80%",1963,1.22367502807376,0.978908613444452,1.10619587135267,"median"
"231","Concave Decrease","80%",1964,1.22091614621937,0.973753983370566,1.09061982170573,"median"
"232","Concave Decrease","80%",1965,1.21960628132818,0.970837471463135,1.08637910619192,"median"
"233","Concave Decrease","80%",1966,1.21906420528782,0.968127298339198,1.08339161929325,"median"
"234","Concave Decrease","80%",1967,1.22791441187482,0.965036263910956,1.0851093988166,"median"
"235","Concave Decrease","80%",1968,1.2271137626255,0.962527956871958,1.07968940832916,"median"
"236","Concave Decrease","80%",1969,1.22884028825643,0.955864110655659,1.08243998443863,"median"
"237","Concave Decrease","80%",1970,1.2363851393251,0.958761002391072,1.09140844098487,"median"
"238","Concave Decrease","80%",1971,1.2335247290417,0.958545139894278,1.09147577504017,"median"
"239","Concave Decrease","80%",1972,1.23617759329187,0.958797406711108,1.08757519112724,"median"
"240","Concave Decrease","80%",1973,1.22528559736818,0.959922692392804,1.0855270896624,"median"
"241","Concave Decrease","80%",1974,1.22233447896019,0.957154259881379,1.07883582570211,"median"
"242","Concave Decrease","80%",1975,1.21757763725415,0.95309747186328,1.0753111784783,"median"
"243","Concave Decrease","80%",1976,1.2176889852477,0.953856886256185,1.07795013795453,"median"
"244","Concave Decrease","80%",1977,1.23054081204729,0.951423849021329,1.08135710257655,"median"
"245","Concave Decrease","80%",1978,1.2209067633152,0.951027598218703,1.07007048884242,"median"
"246","Concave Decrease","80%",1979,1.22011574797055,0.943937724734264,1.07613699211683,"median"
"247","Concave Decrease","80%",1980,1.20999721399284,0.935433789024818,1.06586397581585,"median"
"248","Concave Decrease","80%",1981,1.20875316355236,0.923960402433119,1.05988937674598,"median"
"249","Concave Decrease","80%",1982,1.20386353408808,0.91492420353085,1.05256255191187,"median"
"250","Concave Decrease","80%",1983,1.19984429317675,0.90969113097062,1.04370866033961,"median"
"251","Concave Decrease","80%",1984,1.19347917243158,0.904356323373417,1.04325047761939,"median"
"252","Concave Decrease","80%",1985,1.19522571165918,0.899849004167099,1.04027773190159,"median"
"253","Concave Decrease","80%",1986,1.19467462005757,0.898161011346264,1.04020081348947,"median"
"254","Concave Decrease","80%",1987,1.18338947352334,0.900162918763447,1.03246566038651,"median"
"255","Concave Decrease","80%",1988,1.18064445001621,0.892677066659824,1.03211298006005,"median"
"256","Concave Decrease","80%",1989,1.17693077996147,0.887991251588255,1.02463516177679,"median"
"257","Concave Decrease","80%",1990,1.16458996174079,0.879653824937599,1.01943270038563,"median"
"258","Concave Decrease","80%",1991,1.16960096798804,0.874025094946181,1.01562821394683,"median"
"259","Concave Decrease","80%",1992,1.1673595952876,0.87137511308585,1.01781188071992,"median"
"260","Concave Decrease","80%",1993,1.16940953420809,0.86829341821017,1.019059378429,"median"
"261","Concave Decrease","80%",1994,1.17239879533141,0.879532590579699,1.0173093126128,"median"
"262","Concave Decrease","80%",1995,1.15412722981935,0.858532517012534,0.999682518053186,"median"
"263","Concave Decrease","80%",1996,1.14089445371875,0.839420577507802,0.980613472402343,"median"
"264","Concave Decrease","80%",1997,1.12590488566427,0.829029746927349,0.970469991255922,"median"
"265","Concave Decrease","80%",1998,1.10971747694959,0.815164712976218,0.956409600024351,"median"
"266","Concave Decrease","80%",1999,1.09970326618985,0.804810342386763,0.947110000689901,"median"
"267","Concave Decrease","80%",2000,1.09355525797197,0.795394767696039,0.930555488969584,"median"
"268","Concave Decrease","80%",2001,1.0818493457399,0.786606679077174,0.920683551187172,"median"
"269","Concave Decrease","80%",2002,1.06236141489727,0.77136619603256,0.904322345166181,"median"
"270","Concave Decrease","80%",2003,1.05147832795737,0.754791417170683,0.889036292624381,"median"
"271","Concave Decrease","80%",2004,1.03420793278388,0.744068199031002,0.868926825247767,"median"
"272","Concave Decrease","80%",2005,1.01304271251622,0.726003525634866,0.847499976183517,"median"
"273","Concave Decrease","80%",2006,0.983655885644632,0.71335922332974,0.82997924222606,"median"
"274","Concave Decrease","80%",2007,0.952306797852935,0.691799160240623,0.808809366060295,"median"
"275","Concave Decrease","80%",2008,0.927971535713585,0.674606241156963,0.792698558674928,"median"
"276","Concave Decrease","80%",2009,0.91441635491162,0.658061965378852,0.772407263557345,"median"
"277","Concave Decrease","80%",2010,0.888063471678634,0.64734996853038,0.75561645704512,"median"
"278","Concave Decrease","80%",2011,0.854226660395414,0.626517406422403,0.727608982299416,"median"
"279","Concave Decrease","80%",2012,0.820987883387067,0.601457083034861,0.702623720317731,"median"
"280","Concave Decrease","80%",2013,0.782621964732709,0.571284630884367,0.672801511738363,"median"
"281","Concave Decrease","80%",2014,0.743737596166052,0.531939017814408,0.629364821867004,"median"
"282","Concave Decrease","80%",2015,0.703248422744096,0.502084682967765,0.596443004650715,"median"
"283","Concave Decrease","80%",2016,0.669599081820215,0.473533993703327,0.568298691228512,"median"
"284","Concave Decrease","80%",2017,0.628537360201177,0.44027201727188,0.524520116727799,"median"
"285","Concave Decrease","80%",2018,0.59004635149957,0.411435151398845,0.495218355843522,"median"
"286","Concave Decrease","80%",2019,0.55372931305639,0.381043506270433,0.46454046510266,"median"
"287","Concave Decrease","80%",2020,0.516713884911694,0.357803274892707,0.433327523432796,"median"
"288","Concave Decrease","80%",2021,0.516713884911694,0.357803274892707,0.433327523432796,"median"
"289","Concave Decrease","95%",1950,1,1,1,"median"
"290","Concave Decrease","95%",1951,1,1,1,"median"
"291","Concave Decrease","95%",1952,1,1,1,"median"
"292","Concave Decrease","95%",1953,1,1,1,"median"
"293","Concave Decrease","95%",1954,1.00779600014057,1.0017501763351,1.00282715930605,"median"
"294","Concave Decrease","95%",1955,1.0263447316223,1.00170081899285,1.01329284544072,"median"
"295","Concave Decrease","95%",1956,1.03220796153237,1.0002299533627,1.01786087075322,"median"
"296","Concave Decrease","95%",1957,1.03923129790186,0.999917737569317,1.01518855040435,"median"
"297","Concave Decrease","95%",1958,1.05596639698434,1.00123209158895,1.02667048808122,"median"
"298","Concave Decrease","95%",1959,1.06903281051041,0.998429532275436,1.03116520368932,"median"
"299","Concave Decrease","95%",1960,1.06953586879774,0.999024487429397,1.03748784826786,"median"
"300","Concave Decrease","95%",1961,1.07742166160363,1.00080253474378,1.0403634777764,"median"
"301","Concave Decrease","95%",1962,1.07855061511943,0.997343951327038,1.03149732696692,"median"
"302","Concave Decrease","95%",1963,1.07859380234397,0.992490229116179,1.02715968961053,"median"
"303","Concave Decrease","95%",1964,1.0778778326423,0.990406521218754,1.02867465890502,"median"
"304","Concave Decrease","95%",1965,1.08104905199544,0.989525649507252,1.02895193023344,"median"
"305","Concave Decrease","95%",1966,1.0822773342813,0.991944009818547,1.03262140876737,"median"
"306","Concave Decrease","95%",1967,1.08466653977143,0.991888387556803,1.03745937664992,"median"
"307","Concave Decrease","95%",1968,1.0833110407301,0.988175674345201,1.037292265719,"median"
"308","Concave Decrease","95%",1969,1.08148441843283,0.982998075014543,1.03482891237237,"median"
"309","Concave Decrease","95%",1970,1.08641201780671,0.98133741228697,1.03245805451196,"median"
"310","Concave Decrease","95%",1971,1.08516100604888,0.977161834960094,1.02966496963052,"median"
"311","Concave Decrease","95%",1972,1.08322460291074,0.975074560043453,1.02750191564435,"median"
"312","Concave Decrease","95%",1973,1.08016105887645,0.973509356991777,1.02241081034287,"median"
"313","Concave Decrease","95%",1974,1.08131517290424,0.971909493782722,1.01881581683024,"median"
"314","Concave Decrease","95%",1975,1.0796236989192,0.967588980843936,1.01765790959175,"median"
"315","Concave Decrease","95%",1976,1.07582890211204,0.961193530319596,1.01402832543747,"median"
"316","Concave Decrease","95%",1977,1.07060780636916,0.954514058812206,1.00588998007517,"median"
"317","Concave Decrease","95%",1978,1.07006654634761,0.952031132484005,1.00744838091232,"median"
"318","Concave Decrease","95%",1979,1.06822139114404,0.947963270564305,1.00897775228705,"median"
"319","Concave Decrease","95%",1980,1.06491446748784,0.942054449381615,1.0054052555166,"median"
"320","Concave Decrease","95%",1981,1.05750962707052,0.936875539160768,1.00185161381916,"median"
"321","Concave Decrease","95%",1982,1.05329646726265,0.930585547234427,0.998316716694411,"median"
"322","Concave Decrease","95%",1983,1.04842214095967,0.925030029036141,0.993732626564106,"median"
"323","Concave Decrease","95%",1984,1.0420706663687,0.920605841132401,0.983290690754671,"median"
"324","Concave Decrease","95%",1985,1.03645340641102,0.913180293747345,0.97220913589923,"median"
"325","Concave Decrease","95%",1986,1.0308901269274,0.900973830253821,0.964916233736985,"median"
"326","Concave Decrease","95%",1987,1.02104783904653,0.891005383670844,0.955245765843236,"median"
"327","Concave Decrease","95%",1988,1.01868178859558,0.888260769287129,0.945672255315453,"median"
"328","Concave Decrease","95%",1989,1.02557192572971,0.890075196255158,0.937658839312806,"median"
"329","Concave Decrease","95%",1990,1.0187560487487,0.879399014481806,0.933013380989249,"median"
"330","Concave Decrease","95%",1991,1.0096390604366,0.873703626065885,0.928834380464776,"median"
"331","Concave Decrease","95%",1992,1.00609614772171,0.866269188563268,0.924685966551938,"median"
"332","Concave Decrease","95%",1993,1.00362289540391,0.859531721492629,0.916650588588542,"median"
"333","Concave Decrease","95%",1994,0.999918659241027,0.849029348133825,0.911456451388373,"median"
"334","Concave Decrease","95%",1995,0.989775169589051,0.840817095821779,0.902319131137,"median"
"335","Concave Decrease","95%",1996,0.982967211155979,0.830639207246525,0.891593099015076,"median"
"336","Concave Decrease","95%",1997,0.976672245603796,0.816459018291048,0.885542586832671,"median"
"337","Concave Decrease","95%",1998,0.960469722963779,0.801417623672661,0.873606547004368,"median"
"338","Concave Decrease","95%",1999,0.948834035724044,0.788891780153069,0.866659822485753,"median"
"339","Concave Decrease","95%",2000,0.940735875124638,0.779720318233855,0.860576428822087,"median"
"340","Concave Decrease","95%",2001,0.928573561929914,0.771024377153332,0.854541277650477,"median"
"341","Concave Decrease","95%",2002,0.919575488749788,0.763137531669616,0.842248149655885,"median"
"342","Concave Decrease","95%",2003,0.903380533772001,0.749503423943872,0.829973715717089,"median"
"343","Concave Decrease","95%",2004,0.887642580128927,0.736441503668377,0.817386191524024,"median"
"344","Concave Decrease","95%",2005,0.877670314527837,0.717103791233589,0.798211946963796,"median"
"345","Concave Decrease","95%",2006,0.865411312212095,0.696427537685738,0.772240626371806,"median"
"346","Concave Decrease","95%",2007,0.834523566426123,0.673621983385876,0.749746413951798,"median"
"347","Concave Decrease","95%",2008,0.810919663467832,0.653121604677264,0.723309023223009,"median"
"348","Concave Decrease","95%",2009,0.794316556745083,0.63954943385412,0.708371647561346,"median"
"349","Concave Decrease","95%",2010,0.775873516342366,0.618869990338813,0.68752625229058,"median"
"350","Concave Decrease","95%",2011,0.751702011185566,0.604800257025537,0.675195442408664,"median"
"351","Concave Decrease","95%",2012,0.728570950856559,0.588669451527148,0.651263934446601,"median"
"352","Concave Decrease","95%",2013,0.70501658295713,0.568241396796188,0.631896166685185,"median"
"353","Concave Decrease","95%",2014,0.685260332401483,0.545763399980192,0.612617074544702,"median"
"354","Concave Decrease","95%",2015,0.661017281416131,0.527137365899014,0.589593461269296,"median"
"355","Concave Decrease","95%",2016,0.635104904167221,0.505115886206883,0.565229123814712,"median"
"356","Concave Decrease","95%",2017,0.613487909385835,0.484815579015158,0.553808324273258,"median"
"357","Concave Decrease","95%",2018,0.596278862212012,0.469172759570716,0.535516626442321,"median"
"358","Concave Decrease","95%",2019,0.581373248697643,0.458067951175045,0.520408881669906,"median"
"359","Concave Decrease","95%",2020,0.570980658156088,0.456007430114795,0.511587344012035,"median"
"360","Concave Decrease","95%",2021,0.570980658156088,0.456007430114795,0.511587344012035,"median"
"361","Convex Decrease","20%",1950,1,1,1,"median"
"362","Convex Decrease","20%",1951,0.910981645165742,0.812429741818525,0.857554501864087,"median"
"363","Convex Decrease","20%",1952,0.834321373242771,0.722150901996844,0.773555475319409,"median"
"364","Convex Decrease","20%",1953,0.796242599729709,0.675843749388724,0.72783650884765,"median"
"365","Convex Decrease","20%",1954,0.781124488703622,0.662007999016443,0.712756263283888,"median"
"366","Convex Decrease","20%",1955,0.77923802564273,0.657615365437077,0.711446381316679,"median"
"367","Convex Decrease","20%",1956,0.778816666285975,0.652523575354105,0.706081142560992,"median"
"368","Convex Decrease","20%",1957,0.775116073866509,0.652045899584537,0.706173262463115,"median"
"369","Convex Decrease","20%",1958,0.774512306666209,0.647887276423931,0.704954841323187,"median"
"370","Convex Decrease","20%",1959,0.778730398491484,0.645607696645681,0.703782800641094,"median"
"371","Convex Decrease","20%",1960,0.784153878088744,0.646009611090619,0.704665689948354,"median"
"372","Convex Decrease","20%",1961,0.78255877770301,0.643747422158329,0.704706769826215,"median"
"373","Convex Decrease","20%",1962,0.777509766838527,0.6377608379508,0.698916314217345,"median"
"374","Convex Decrease","20%",1963,0.769151145126092,0.630239915525133,0.690321621681481,"median"
"375","Convex Decrease","20%",1964,0.758644627028048,0.613643469614028,0.679733678908521,"median"
"376","Convex Decrease","20%",1965,0.744845293360234,0.600470325030231,0.665059053229049,"median"
"377","Convex Decrease","20%",1966,0.731792319393544,0.588131640408874,0.651437055422145,"median"
"378","Convex Decrease","20%",1967,0.725475523075633,0.58030178464162,0.641929156639097,"median"
"379","Convex Decrease","20%",1968,0.716825777882043,0.57536532374544,0.638206962269891,"median"
"380","Convex Decrease","20%",1969,0.715891526975601,0.571051850710765,0.635624942489287,"median"
"381","Convex Decrease","20%",1970,0.706308484016694,0.561642938766507,0.629849964739253,"median"
"382","Convex Decrease","20%",1971,0.696039927598785,0.554581450178292,0.621494888879325,"median"
"383","Convex Decrease","20%",1972,0.688067533673045,0.546820829087248,0.614372617060308,"median"
"384","Convex Decrease","20%",1973,0.686411552065564,0.541862543085667,0.609899468884415,"median"
"385","Convex Decrease","20%",1974,0.683548465874928,0.539263383459313,0.604271675206992,"median"
"386","Convex Decrease","20%",1975,0.680961104954635,0.534877015240313,0.600796426978436,"median"
"387","Convex Decrease","20%",1976,0.675670112515061,0.527404155601226,0.594986997600086,"median"
"388","Convex Decrease","20%",1977,0.669856796951061,0.52158626217202,0.588836600253272,"median"
"389","Convex Decrease","20%",1978,0.663918430503018,0.516982060207135,0.584736130689775,"median"
"390","Convex Decrease","20%",1979,0.659440170922047,0.51484818965732,0.581135026582004,"median"
"391","Convex Decrease","20%",1980,0.654029867231317,0.510050703567527,0.575821259301357,"median"
"392","Convex Decrease","20%",1981,0.647736631799579,0.501040628140575,0.567714285975998,"median"
"393","Convex Decrease","20%",1982,0.635198097691281,0.493445789941761,0.556619861148603,"median"
"394","Convex Decrease","20%",1983,0.625388562742729,0.484354234999441,0.547099789540348,"median"
"395","Convex Decrease","20%",1984,0.62290457370605,0.480973834649928,0.548738277269037,"median"
"396","Convex Decrease","20%",1985,0.624243897102094,0.481876508641957,0.546533956881636,"median"
"397","Convex Decrease","20%",1986,0.625258816922507,0.483837527564793,0.548541489507479,"median"
"398","Convex Decrease","20%",1987,0.625472587033122,0.482245085872599,0.548513813085158,"median"
"399","Convex Decrease","20%",1988,0.622905270221113,0.480936709396489,0.545101637013847,"median"
"400","Convex Decrease","20%",1989,0.617889367549565,0.479584911064955,0.540789942923186,"median"
"401","Convex Decrease","20%",1990,0.613963600590375,0.473514667646621,0.539450551622104,"median"
"402","Convex Decrease","20%",1991,0.613216655583074,0.468976499009111,0.537035298351089,"median"
"403","Convex Decrease","20%",1992,0.61558646710792,0.467710271969138,0.534834826549565,"median"
"404","Convex Decrease","20%",1993,0.618917223952128,0.469660088281134,0.536962052702757,"median"
"405","Convex Decrease","20%",1994,0.623024410380812,0.467924615175697,0.534615587829788,"median"
"406","Convex Decrease","20%",1995,0.615121522501211,0.462978152974542,0.527516709602418,"median"
"407","Convex Decrease","20%",1996,0.602766555536937,0.453661220211089,0.519161925276702,"median"
"408","Convex Decrease","20%",1997,0.589949059150207,0.443857113506921,0.509849559848367,"median"
"409","Convex Decrease","20%",1998,0.583726130078685,0.438740750679592,0.503609619147333,"median"
"410","Convex Decrease","20%",1999,0.579719378069796,0.436890152406864,0.501329588493355,"median"
"411","Convex Decrease","20%",2000,0.578650516572585,0.436168438334313,0.499731133184629,"median"
"412","Convex Decrease","20%",2001,0.57951306306413,0.435676015014247,0.50026442626295,"median"
"413","Convex Decrease","20%",2002,0.580286536428438,0.435967785379746,0.498828695684868,"median"
"414","Convex Decrease","20%",2003,0.580773381003814,0.43356128076561,0.497392960574155,"median"
"415","Convex Decrease","20%",2004,0.574501233538877,0.429926835139805,0.49459578806765,"median"
"416","Convex Decrease","20%",2005,0.569312723358961,0.426527628145937,0.488635367104144,"median"
"417","Convex Decrease","20%",2006,0.561844129432914,0.420251078125756,0.482527692439275,"median"
"418","Convex Decrease","20%",2007,0.557596806746002,0.415959670009202,0.477338163978795,"median"
"419","Convex Decrease","20%",2008,0.55554744801974,0.414338289410414,0.477360019504456,"median"
"420","Convex Decrease","20%",2009,0.559754194294569,0.417929066123511,0.481930008999653,"median"
"421","Convex Decrease","20%",2010,0.564379083290666,0.419679637059146,0.485634495239418,"median"
"422","Convex Decrease","20%",2011,0.566049188559152,0.41894572277969,0.486030760999994,"median"
"423","Convex Decrease","20%",2012,0.561324539578424,0.41533318788002,0.480749104904238,"median"
"424","Convex Decrease","20%",2013,0.554181465231575,0.408404060222735,0.47305473951513,"median"
"425","Convex Decrease","20%",2014,0.542509434629607,0.397208454090103,0.463774880553172,"median"
"426","Convex Decrease","20%",2015,0.533073641271482,0.390404503355556,0.456287074595308,"median"
"427","Convex Decrease","20%",2016,0.525745218977143,0.385448317744588,0.448673417367038,"median"
"428","Convex Decrease","20%",2017,0.521557733433435,0.380559361873409,0.444996007519903,"median"
"429","Convex Decrease","20%",2018,0.519481767153022,0.379017228650952,0.441534706993998,"median"
"430","Convex Decrease","20%",2019,0.515779510640547,0.378146241924905,0.439104838512453,"median"
"431","Convex Decrease","20%",2020,0.511661758597804,0.372014663266379,0.433860125803614,"median"
"432","Convex Decrease","20%",2021,0.511661758597804,0.372014663266379,0.433860125803614,"median"
"433","Convex Decrease","40%",1950,1,1,1,"median"
"434","Convex Decrease","40%",1951,0.915706156098267,0.806106795005542,0.859772341508099,"median"
"435","Convex Decrease","40%",1952,0.854620361179832,0.728497342223463,0.786101440174302,"median"
"436","Convex Decrease","40%",1953,0.818104076034366,0.686378815756221,0.745818501047449,"median"
"437","Convex Decrease","40%",1954,0.796496623383767,0.66462866907698,0.71959090366866,"median"
"438","Convex Decrease","40%",1955,0.794852512963843,0.648762517572197,0.718053833631856,"median"
"439","Convex Decrease","40%",1956,0.791623599372936,0.648791333962471,0.716588347575477,"median"
"440","Convex Decrease","40%",1957,0.786848613366147,0.641381393853388,0.71072227113413,"median"
"441","Convex Decrease","40%",1958,0.785380082497674,0.641278910903413,0.709779401955727,"median"
"442","Convex Decrease","40%",1959,0.789412060774418,0.639079867711187,0.711013170564194,"median"
"443","Convex Decrease","40%",1960,0.790421865108718,0.633728337103217,0.708744839775394,"median"
"444","Convex Decrease","40%",1961,0.791178525456002,0.636327920682951,0.713423750074154,"median"
"445","Convex Decrease","40%",1962,0.785965816124263,0.627452647996377,0.701010632842059,"median"
"446","Convex Decrease","40%",1963,0.775777720055276,0.622124234993133,0.694952436380759,"median"
"447","Convex Decrease","40%",1964,0.762178311087734,0.604496524334169,0.679218157610088,"median"
"448","Convex Decrease","40%",1965,0.756596632913415,0.593974380371545,0.672957961946214,"median"
"449","Convex Decrease","40%",1966,0.745391351948612,0.581454393770147,0.660102342618127,"median"
"450","Convex Decrease","40%",1967,0.733192612697805,0.577264533080779,0.651656072415234,"median"
"451","Convex Decrease","40%",1968,0.730006690022994,0.575256016875692,0.641492559133688,"median"
"452","Convex Decrease","40%",1969,0.715939615153819,0.553980484150595,0.630006051305009,"median"
"453","Convex Decrease","40%",1970,0.71714973440393,0.55683048034238,0.631987789963891,"median"
"454","Convex Decrease","40%",1971,0.711889184070712,0.548992437949623,0.627664826759741,"median"
"455","Convex Decrease","40%",1972,0.704060309588133,0.542091264148958,0.62109682875445,"median"
"456","Convex Decrease","40%",1973,0.704230078930636,0.538188700033815,0.617304568389797,"median"
"457","Convex Decrease","40%",1974,0.699152032027746,0.529276948075587,0.609865388039057,"median"
"458","Convex Decrease","40%",1975,0.695750615075581,0.524071967828949,0.6084816157825,"median"
"459","Convex Decrease","40%",1976,0.690675270710484,0.521648376035323,0.601346607058276,"median"
"460","Convex Decrease","40%",1977,0.687179788667444,0.522088216153156,0.59756472599629,"median"
"461","Convex Decrease","40%",1978,0.680319052776445,0.510645939763082,0.590868162175888,"median"
"462","Convex Decrease","40%",1979,0.672907383273577,0.507812305279282,0.585269903744418,"median"
"463","Convex Decrease","40%",1980,0.667737237149997,0.502867715121508,0.58214256394512,"median"
"464","Convex Decrease","40%",1981,0.660792014266199,0.49662213144566,0.575979440542218,"median"
"465","Convex Decrease","40%",1982,0.651481909630671,0.488279674661599,0.562489272538941,"median"
"466","Convex Decrease","40%",1983,0.643317775921527,0.478892082405056,0.556306858452923,"median"
"467","Convex Decrease","40%",1984,0.638214998827145,0.476612525982579,0.552409270255376,"median"
"468","Convex Decrease","40%",1985,0.637239969459549,0.474919836241505,0.553212836653198,"median"
"469","Convex Decrease","40%",1986,0.639783700878954,0.477371670337827,0.554119880612463,"median"
"470","Convex Decrease","40%",1987,0.637625090241498,0.478060313028828,0.552973029090363,"median"
"471","Convex Decrease","40%",1988,0.634830852007584,0.469878997429379,0.548823905228842,"median"
"472","Convex Decrease","40%",1989,0.63249473159204,0.464817909032523,0.543013199816257,"median"
"473","Convex Decrease","40%",1990,0.629356288889452,0.4604894156903,0.541807200975433,"median"
"474","Convex Decrease","40%",1991,0.627412216428153,0.459922258659425,0.542544005968242,"median"
"475","Convex Decrease","40%",1992,0.62831408929487,0.456173406149884,0.53928021917481,"median"
"476","Convex Decrease","40%",1993,0.628017829327185,0.453882324266847,0.537170327618681,"median"
"477","Convex Decrease","40%",1994,0.626006399906896,0.452653874370479,0.533942908745546,"median"
"478","Convex Decrease","40%",1995,0.618817337324243,0.449729346612022,0.527453263703743,"median"
"479","Convex Decrease","40%",1996,0.607887303673108,0.444383128562223,0.521944102863,"median"
"480","Convex Decrease","40%",1997,0.603295762785806,0.435797508022852,0.515099994444477,"median"
"481","Convex Decrease","40%",1998,0.596857534305364,0.430173075005817,0.508541265527316,"median"
"482","Convex Decrease","40%",1999,0.592234409820568,0.426285906925739,0.505043687752332,"median"
"483","Convex Decrease","40%",2000,0.592943530336072,0.424967066094677,0.503611677342856,"median"
"484","Convex Decrease","40%",2001,0.594227744367543,0.424951549791091,0.50434481458604,"median"
"485","Convex Decrease","40%",2002,0.593389913151553,0.423349456556521,0.502711111318871,"median"
"486","Convex Decrease","40%",2003,0.592258798786004,0.423019081310568,0.50294981542836,"median"
"487","Convex Decrease","40%",2004,0.586559949061163,0.417757585453761,0.498461683236674,"median"
"488","Convex Decrease","40%",2005,0.582530421896267,0.413651772272003,0.49192373027598,"median"
"489","Convex Decrease","40%",2006,0.573998457652587,0.407464109742955,0.488841125929041,"median"
"490","Convex Decrease","40%",2007,0.570911630727027,0.40142580076777,0.482878118952003,"median"
"491","Convex Decrease","40%",2008,0.57075933693914,0.401129178750935,0.480069554683048,"median"
"492","Convex Decrease","40%",2009,0.573405795064602,0.406102561682228,0.483318758318078,"median"
"493","Convex Decrease","40%",2010,0.578445691346997,0.408455824376338,0.489056153217922,"median"
"494","Convex Decrease","40%",2011,0.577409802401628,0.407013593143465,0.486972969527893,"median"
"495","Convex Decrease","40%",2012,0.575430483657335,0.405545001554079,0.485108185925321,"median"
"496","Convex Decrease","40%",2013,0.565432393057063,0.399382983913602,0.478391036007069,"median"
"497","Convex Decrease","40%",2014,0.554467885562965,0.389822154121855,0.469450325645769,"median"
"498","Convex Decrease","40%",2015,0.543837644687813,0.383927679513098,0.457916460881556,"median"
"499","Convex Decrease","40%",2016,0.541510880292076,0.380990726162504,0.457772684996428,"median"
"500","Convex Decrease","40%",2017,0.536436455676709,0.372184797306452,0.449962599729889,"median"
"501","Convex Decrease","40%",2018,0.532239693903038,0.367659394224994,0.444168116017752,"median"
"502","Convex Decrease","40%",2019,0.532216650687051,0.365367742057304,0.440375141613908,"median"
"503","Convex Decrease","40%",2020,0.533160310364996,0.370087125371957,0.444141388024499,"median"
"504","Convex Decrease","40%",2021,0.533160310364996,0.370087125371957,0.444141388024499,"median"
"505","Convex Decrease","60%",1950,1,1,1,"median"
"506","Convex Decrease","60%",1951,0.899437475242852,0.742518330052017,0.821633225267983,"median"
"507","Convex Decrease","60%",1952,0.865243131601794,0.685522333411764,0.762699860613549,"median"
"508","Convex Decrease","60%",1953,0.832782151852919,0.644620984038959,0.729957281867319,"median"
"509","Convex Decrease","60%",1954,0.813335278270842,0.615991789434432,0.701743580977548,"median"
"510","Convex Decrease","60%",1955,0.807288083903281,0.609573249510786,0.691129257595543,"median"
"511","Convex Decrease","60%",1956,0.798463743608173,0.596692473167683,0.677499136676902,"median"
"512","Convex Decrease","60%",1957,0.788499533600161,0.589517095188582,0.668934720705743,"median"
"513","Convex Decrease","60%",1958,0.792681506345408,0.585087346069434,0.664856661999613,"median"
"514","Convex Decrease","60%",1959,0.803281945602585,0.586740910021368,0.670934184727092,"median"
"515","Convex Decrease","60%",1960,0.811666741476947,0.589525305516998,0.675795610637411,"median"
"516","Convex Decrease","60%",1961,0.817731314196861,0.583326132465447,0.673229279528274,"median"
"517","Convex Decrease","60%",1962,0.809883316885286,0.571002810402845,0.665148666501223,"median"
"518","Convex Decrease","60%",1963,0.804812544136401,0.571661946807134,0.671826904446421,"median"
"519","Convex Decrease","60%",1964,0.785217889064964,0.547618273102503,0.646666593633658,"median"
"520","Convex Decrease","60%",1965,0.771278824858559,0.541933950968612,0.635753593834498,"median"
"521","Convex Decrease","60%",1966,0.763153605822413,0.53370751888287,0.627191077840597,"median"
"522","Convex Decrease","60%",1967,0.752491973717124,0.525858934267064,0.619090383968196,"median"
"523","Convex Decrease","60%",1968,0.742602273448618,0.515604297013744,0.606202532262919,"median"
"524","Convex Decrease","60%",1969,0.73920071021561,0.503331844147057,0.602738225439315,"median"
"525","Convex Decrease","60%",1970,0.746484321820134,0.511375168114546,0.606796307394479,"median"
"526","Convex Decrease","60%",1971,0.73415316800817,0.498589993886963,0.598680626972218,"median"
"527","Convex Decrease","60%",1972,0.724718381833554,0.491570573735022,0.587315861749641,"median"
"528","Convex Decrease","60%",1973,0.72540008968147,0.487444604515225,0.584483220571716,"median"
"529","Convex Decrease","60%",1974,0.710511916057575,0.479094629129394,0.576187196412423,"median"
"530","Convex Decrease","60%",1975,0.709268911580537,0.474658807085864,0.576448038943313,"median"
"531","Convex Decrease","60%",1976,0.710107237304397,0.469361083194261,0.569843935073378,"median"
"532","Convex Decrease","60%",1977,0.705611625359614,0.466967343418146,0.567983162791612,"median"
"533","Convex Decrease","60%",1978,0.701048314902092,0.462955676077621,0.558287281308252,"median"
"534","Convex Decrease","60%",1979,0.695766649335116,0.458239778858412,0.559754253521827,"median"
"535","Convex Decrease","60%",1980,0.693906588515857,0.451483399831638,0.553810012159023,"median"
"536","Convex Decrease","60%",1981,0.681536511019607,0.449281644137943,0.546351770755854,"median"
"537","Convex Decrease","60%",1982,0.667497660302206,0.438670456253683,0.536016027914758,"median"
"538","Convex Decrease","60%",1983,0.661525302222819,0.429373887549448,0.52740849239617,"median"
"539","Convex Decrease","60%",1984,0.660163248130861,0.424004124256217,0.526446362985291,"median"
"540","Convex Decrease","60%",1985,0.666748770089151,0.423467791704528,0.525910032237713,"median"
"541","Convex Decrease","60%",1986,0.670098322236531,0.421194176324427,0.530907449539492,"median"
"542","Convex Decrease","60%",1987,0.670676692922967,0.425844527803774,0.52325768904514,"median"
"543","Convex Decrease","60%",1988,0.661470208576795,0.41602853945576,0.515494407619246,"median"
"544","Convex Decrease","60%",1989,0.651785611428967,0.411843216305066,0.506991007882214,"median"
"545","Convex Decrease","60%",1990,0.656086895278079,0.408898115416244,0.508127207522191,"median"
"546","Convex Decrease","60%",1991,0.65757125043821,0.408142644277515,0.507279747955617,"median"
"547","Convex Decrease","60%",1992,0.652118844982408,0.40398378306671,0.505259914307492,"median"
"548","Convex Decrease","60%",1993,0.653975990562708,0.406359649914601,0.510086569190213,"median"
"549","Convex Decrease","60%",1994,0.667033750958059,0.411504646867903,0.522282389412257,"median"
"550","Convex Decrease","60%",1995,0.655848389299758,0.406655899511621,0.506761477310912,"median"
"551","Convex Decrease","60%",1996,0.646137846996699,0.396273942078497,0.49438296814086,"median"
"552","Convex Decrease","60%",1997,0.62839850455271,0.385840296804373,0.486775977764466,"median"
"553","Convex Decrease","60%",1998,0.625057817184865,0.380917551288599,0.480341388364807,"median"
"554","Convex Decrease","60%",1999,0.61721865826861,0.37543216563053,0.475886171015783,"median"
"555","Convex Decrease","60%",2000,0.620920243883701,0.377221929823825,0.479999494514826,"median"
"556","Convex Decrease","60%",2001,0.616956063413125,0.377249168872835,0.476859869681878,"median"
"557","Convex Decrease","60%",2002,0.617067213472245,0.375879110852653,0.474788166438985,"median"
"558","Convex Decrease","60%",2003,0.627742785253193,0.373852785920639,0.470555295397112,"median"
"559","Convex Decrease","60%",2004,0.625313424962642,0.369092322655965,0.464898960567928,"median"
"560","Convex Decrease","60%",2005,0.608870435668871,0.365051819417529,0.460295870518296,"median"
"561","Convex Decrease","60%",2006,0.606549199904795,0.36095037124498,0.459219495299433,"median"
"562","Convex Decrease","60%",2007,0.599867156508954,0.353306294017147,0.450913841874916,"median"
"563","Convex Decrease","60%",2008,0.594280500367762,0.347817083868357,0.448986051157836,"median"
"564","Convex Decrease","60%",2009,0.603718293111592,0.354272601780728,0.45379422661233,"median"
"565","Convex Decrease","60%",2010,0.611528771702287,0.359710975651425,0.462345614362836,"median"
"566","Convex Decrease","60%",2011,0.610053030147494,0.354474805660972,0.459201838458399,"median"
"567","Convex Decrease","60%",2012,0.607120016603779,0.351783530283163,0.455913459703923,"median"
"568","Convex Decrease","60%",2013,0.59965697298261,0.344802719424442,0.451498139285045,"median"
"569","Convex Decrease","60%",2014,0.590628066804486,0.339353383592066,0.440303743832944,"median"
"570","Convex Decrease","60%",2015,0.578931712987437,0.335658591912731,0.437223330140592,"median"
"571","Convex Decrease","60%",2016,0.579855977098513,0.332159197081679,0.437365096580748,"median"
"572","Convex Decrease","60%",2017,0.570530823892698,0.322709430449873,0.423538286733914,"median"
"573","Convex Decrease","60%",2018,0.571412896730205,0.324196765160602,0.426400924596812,"median"
"574","Convex Decrease","60%",2019,0.569168839814703,0.322532923629343,0.427505483997739,"median"
"575","Convex Decrease","60%",2020,0.570286413170116,0.31443549409494,0.4261349899643,"median"
"576","Convex Decrease","60%",2021,0.570286413170116,0.31443549409494,0.4261349899643,"median"
"577","Convex Decrease","80%",1950,1,1,1,"median"
"578","Convex Decrease","80%",1951,0.939290356484173,0.860672691944622,0.89841020959239,"median"
"579","Convex Decrease","80%",1952,0.908483211827843,0.765144820013962,0.839916237099405,"median"
"580","Convex Decrease","80%",1953,0.888811152562723,0.731787806675712,0.81089739597303,"median"
"581","Convex Decrease","80%",1954,0.860981110328289,0.698721867418664,0.776436793753061,"median"
"582","Convex Decrease","80%",1955,0.855551184353894,0.693354850657232,0.773335029371584,"median"
"583","Convex Decrease","80%",1956,0.8485797876725,0.685011450136076,0.762215421049616,"median"
"584","Convex Decrease","80%",1957,0.844439620738435,0.676817548225652,0.753055359459592,"median"
"585","Convex Decrease","80%",1958,0.84280399075242,0.675588242265254,0.75727371515701,"median"
"586","Convex Decrease","80%",1959,0.837670448903753,0.670684527928792,0.755666301429331,"median"
"587","Convex Decrease","80%",1960,0.845200826844034,0.670846470731143,0.753243817915079,"median"
"588","Convex Decrease","80%",1961,0.852631244086419,0.670283845635619,0.749222858937488,"median"
"589","Convex Decrease","80%",1962,0.835635793687589,0.662505683443157,0.739310744151802,"median"
"590","Convex Decrease","80%",1963,0.820823999445133,0.648393126469306,0.731377062631827,"median"
"591","Convex Decrease","80%",1964,0.810282280822341,0.638450662573521,0.721208299944212,"median"
"592","Convex Decrease","80%",1965,0.795543463273723,0.623011691955203,0.708895464464412,"median"
"593","Convex Decrease","80%",1966,0.78641901584368,0.614960126472172,0.699803692153768,"median"
"594","Convex Decrease","80%",1967,0.778217383577331,0.607146126812,0.692581696531095,"median"
"595","Convex Decrease","80%",1968,0.775449438552997,0.601316144461025,0.687009920900237,"median"
"596","Convex Decrease","80%",1969,0.771325606069268,0.600898056875204,0.680320573743476,"median"
"597","Convex Decrease","80%",1970,0.764015616542341,0.598658419132803,0.67892530762032,"median"
"598","Convex Decrease","80%",1971,0.759028962837019,0.591608351439557,0.671281325154599,"median"
"599","Convex Decrease","80%",1972,0.751290779521436,0.584423932103105,0.664198077941297,"median"
"600","Convex Decrease","80%",1973,0.749719359183637,0.582635963031453,0.657252168562374,"median"
"601","Convex Decrease","80%",1974,0.743615687132188,0.578455534021268,0.651085201939236,"median"
"602","Convex Decrease","80%",1975,0.739099604884621,0.568676142900727,0.642057165223315,"median"
"603","Convex Decrease","80%",1976,0.738578061538554,0.560067716409369,0.633796995901221,"median"
"604","Convex Decrease","80%",1977,0.734406875382377,0.555866224914804,0.629985220633628,"median"
"605","Convex Decrease","80%",1978,0.72517557306552,0.543546236906247,0.625547077400167,"median"
"606","Convex Decrease","80%",1979,0.717321025927501,0.537209166901449,0.621495218799379,"median"
"607","Convex Decrease","80%",1980,0.706340449600031,0.533169190052507,0.615089618818221,"median"
"608","Convex Decrease","80%",1981,0.698284727072047,0.528269091497246,0.60706138844139,"median"
"609","Convex Decrease","80%",1982,0.683588489658823,0.520912956972981,0.599003429347843,"median"
"610","Convex Decrease","80%",1983,0.682327627329053,0.511967942226762,0.591097453492122,"median"
"611","Convex Decrease","80%",1984,0.678356404530833,0.506926599035863,0.589775369415296,"median"
"612","Convex Decrease","80%",1985,0.675059159540605,0.503762022126869,0.588845380510467,"median"
"613","Convex Decrease","80%",1986,0.671325516132551,0.502284013312866,0.58795610919614,"median"
"614","Convex Decrease","80%",1987,0.667585663667846,0.496518473986423,0.584470485816011,"median"
"615","Convex Decrease","80%",1988,0.666757466585295,0.497694223347615,0.58142758891646,"median"
"616","Convex Decrease","80%",1989,0.665051087571145,0.49305169005608,0.575969713594425,"median"
"617","Convex Decrease","80%",1990,0.662786176638527,0.484838446661298,0.57294169741407,"median"
"618","Convex Decrease","80%",1991,0.664113052352268,0.483297713849013,0.567275065736304,"median"
"619","Convex Decrease","80%",1992,0.660673199771171,0.482851686625547,0.562481980441101,"median"
"620","Convex Decrease","80%",1993,0.664206684634561,0.482434308629989,0.561142762901497,"median"
"621","Convex Decrease","80%",1994,0.661564826419916,0.482954118685853,0.561613524134097,"median"
"622","Convex Decrease","80%",1995,0.658161791377327,0.4782091641977,0.559162815018487,"median"
"623","Convex Decrease","80%",1996,0.651568904363493,0.470832526845697,0.553687338062029,"median"
"624","Convex Decrease","80%",1997,0.63882886845533,0.468348690308057,0.546158356480825,"median"
"625","Convex Decrease","80%",1998,0.638502258347555,0.464005189013176,0.543599890856553,"median"
"626","Convex Decrease","80%",1999,0.632703566573817,0.461389835578445,0.538570580798536,"median"
"627","Convex Decrease","80%",2000,0.630224999045147,0.457922667041745,0.537407173751327,"median"
"628","Convex Decrease","80%",2001,0.627466024356079,0.457593478107257,0.533895626346622,"median"
"629","Convex Decrease","80%",2002,0.625983289503366,0.453799346259201,0.531128307179205,"median"
"630","Convex Decrease","80%",2003,0.623854277957188,0.450903606920861,0.531966538796662,"median"
"631","Convex Decrease","80%",2004,0.623519352769976,0.448704484522037,0.52812114728511,"median"
"632","Convex Decrease","80%",2005,0.618562764642658,0.445891346380031,0.522903123934255,"median"
"633","Convex Decrease","80%",2006,0.612058897680132,0.441093049113797,0.513486165235054,"median"
"634","Convex Decrease","80%",2007,0.604855477676576,0.437332141116184,0.509671786896927,"median"
"635","Convex Decrease","80%",2008,0.601384876183632,0.433866302056892,0.507430750662921,"median"
"636","Convex Decrease","80%",2009,0.604466848306824,0.434360283363002,0.50817044358164,"median"
"637","Convex Decrease","80%",2010,0.604710042396086,0.435594963251556,0.511085895392999,"median"
"638","Convex Decrease","80%",2011,0.598575347264052,0.429927574986067,0.509790816607026,"median"
"639","Convex Decrease","80%",2012,0.593656531297891,0.422586317022467,0.501666761675522,"median"
"640","Convex Decrease","80%",2013,0.582649552434249,0.417246481876216,0.495171258320915,"median"
"641","Convex Decrease","80%",2014,0.578497575863999,0.403159671770014,0.481988810588666,"median"
"642","Convex Decrease","80%",2015,0.572667242481798,0.397720091839786,0.479490965860276,"median"
"643","Convex Decrease","80%",2016,0.566300841308566,0.394372030115264,0.475697605902592,"median"
"644","Convex Decrease","80%",2017,0.553609698518291,0.385814946428779,0.462573977385441,"median"
"645","Convex Decrease","80%",2018,0.556974374454686,0.389347784215824,0.464159333511403,"median"
"646","Convex Decrease","80%",2019,0.563002769073031,0.391262687894914,0.470570845436495,"median"
"647","Convex Decrease","80%",2020,0.571578489729102,0.391617720147331,0.471199269846103,"median"
"648","Convex Decrease","80%",2021,0.571578489729102,0.391617720147331,0.471199269846103,"median"
"649","Convex Decrease","95%",1950,1,1,1,"median"
"650","Convex Decrease","95%",1951,1,1,1,"median"
"651","Convex Decrease","95%",1952,0.98903130621403,0.986162625442928,0.987235199758256,"median"
"652","Convex Decrease","95%",1953,0.981133764349217,0.971245497855254,0.9729217775785,"median"
"653","Convex Decrease","95%",1954,0.972534639367247,0.951840270223031,0.958870190955131,"median"
"654","Convex Decrease","95%",1955,0.96639844060103,0.934287473131862,0.94526801651853,"median"
"655","Convex Decrease","95%",1956,0.957920917547698,0.922511745631975,0.940259434880816,"median"
"656","Convex Decrease","95%",1957,0.951863564871791,0.908357923455226,0.929251320077329,"median"
"657","Convex Decrease","95%",1958,0.93860080742914,0.893968736720312,0.91867400595195,"median"
"658","Convex Decrease","95%",1959,0.931152762140363,0.88133194005221,0.905969554299137,"median"
"659","Convex Decrease","95%",1960,0.925148223671642,0.865318307891143,0.895648331607944,"median"
"660","Convex Decrease","95%",1961,0.917451084380654,0.851922842589704,0.890985292275472,"median"
"661","Convex Decrease","95%",1962,0.909914817707854,0.841129763839773,0.881665900540585,"median"
"662","Convex Decrease","95%",1963,0.90230413029514,0.833507484594246,0.874186172834557,"median"
"663","Convex Decrease","95%",1964,0.894441823555342,0.82569014897434,0.864252944204251,"median"
"664","Convex Decrease","95%",1965,0.885449059327077,0.811914707264617,0.85084787253198,"median"
"665","Convex Decrease","95%",1966,0.873846874908889,0.800065928556449,0.844641792817675,"median"
"666","Convex Decrease","95%",1967,0.86475765128478,0.792467568710989,0.836784931423244,"median"
"667","Convex Decrease","95%",1968,0.860557529256575,0.783662412580521,0.828538172447834,"median"
"668","Convex Decrease","95%",1969,0.853545800723395,0.773710865266453,0.8211886872942,"median"
"669","Convex Decrease","95%",1970,0.848276992201357,0.764760234799114,0.814585895625841,"median"
"670","Convex Decrease","95%",1971,0.841971673318947,0.757933063738632,0.806547459039357,"median"
"671","Convex Decrease","95%",1972,0.836798664883599,0.747686354368015,0.792449000069681,"median"
"672","Convex Decrease","95%",1973,0.831210515141753,0.739335011501664,0.783740994736638,"median"
"673","Convex Decrease","95%",1974,0.820364902084483,0.733495925108734,0.779083089493697,"median"
"674","Convex Decrease","95%",1975,0.810104514350188,0.728688313830483,0.77352665325909,"median"
"675","Convex Decrease","95%",1976,0.804911485546236,0.722766171329614,0.766380325157717,"median"
"676","Convex Decrease","95%",1977,0.795958983550545,0.719015034776582,0.761049101353529,"median"
"677","Convex Decrease","95%",1978,0.789034522551113,0.71601081505389,0.754289971911434,"median"
"678","Convex Decrease","95%",1979,0.782584444257097,0.709629404635837,0.747739527298716,"median"
"679","Convex Decrease","95%",1980,0.778717153718202,0.703026075578151,0.741246293513092,"median"
"680","Convex Decrease","95%",1981,0.777146968086808,0.696805066833175,0.733987181101165,"median"
"681","Convex Decrease","95%",1982,0.774872144395047,0.688487331636853,0.728649947729535,"median"
"682","Convex Decrease","95%",1983,0.768562852748281,0.682306200431978,0.724926209580695,"median"
"683","Convex Decrease","95%",1984,0.764039078364812,0.678247518521305,0.718643931275644,"median"
"684","Convex Decrease","95%",1985,0.756179666640559,0.674089193274342,0.712980426778201,"median"
"685","Convex Decrease","95%",1986,0.751283343539318,0.670215480224695,0.709035150824718,"median"
"686","Convex Decrease","95%",1987,0.745937794259925,0.663990455998946,0.704409582757405,"median"
"687","Convex Decrease","95%",1988,0.742424791323254,0.658809229372133,0.698336737762067,"median"
"688","Convex Decrease","95%",1989,0.741919944854556,0.654485365775714,0.693315260741851,"median"
"689","Convex Decrease","95%",1990,0.735071666852145,0.649095029525851,0.690380345521078,"median"
"690","Convex Decrease","95%",1991,0.728630008880211,0.642776810546675,0.687024989496131,"median"
"691","Convex Decrease","95%",1992,0.724521069425587,0.636729523736825,0.682226376765054,"median"
"692","Convex Decrease","95%",1993,0.718779247090552,0.63262804917067,0.678101444245659,"median"
"693","Convex Decrease","95%",1994,0.716398093279701,0.628360172813823,0.674009895622296,"median"
"694","Convex Decrease","95%",1995,0.714833203586957,0.624864200766875,0.668666701942321,"median"
"695","Convex Decrease","95%",1996,0.708368616686277,0.615043147042966,0.661698886872167,"median"
"696","Convex Decrease","95%",1997,0.701665570279588,0.610035912654266,0.655618598204308,"median"
"697","Convex Decrease","95%",1998,0.697982375209377,0.605930380716496,0.651123789264907,"median"
"698","Convex Decrease","95%",1999,0.695183544410169,0.599974615570984,0.645221705059413,"median"
"699","Convex Decrease","95%",2000,0.690124225888731,0.592968220414929,0.640334353676068,"median"
"700","Convex Decrease","95%",2001,0.685238398583726,0.590503207858208,0.636435195464649,"median"
"701","Convex Decrease","95%",2002,0.681818862265,0.589825841781598,0.633296057028451,"median"
"702","Convex Decrease","95%",2003,0.677060743223483,0.585987304835067,0.628483897830633,"median"
"703","Convex Decrease","95%",2004,0.673561698186516,0.582195158606999,0.625921452298427,"median"
"704","Convex Decrease","95%",2005,0.669847351976441,0.578284839488134,0.623371071607679,"median"
"705","Convex Decrease","95%",2006,0.666333240537854,0.572252331192446,0.61932990187619,"median"
"706","Convex Decrease","95%",2007,0.660992603105018,0.56648417182203,0.614768016052443,"median"
"707","Convex Decrease","95%",2008,0.654956225446863,0.564804667816093,0.610249282703919,"median"
"708","Convex Decrease","95%",2009,0.651118840524808,0.563177284695484,0.605865568870733,"median"
"709","Convex Decrease","95%",2010,0.65016992898579,0.561992679585571,0.603707579206329,"median"
"710","Convex Decrease","95%",2011,0.648631365257109,0.560373431408838,0.600865162264799,"median"
"711","Convex Decrease","95%",2012,0.653564637299581,0.557055156218423,0.59900857770003,"median"
"712","Convex Decrease","95%",2013,0.650318475880203,0.550309887219741,0.595922495191493,"median"
"713","Convex Decrease","95%",2014,0.643400508052255,0.545275364130652,0.589122840397388,"median"
"714","Convex Decrease","95%",2015,0.638322980567113,0.54059353847977,0.583952021683026,"median"
"715","Convex Decrease","95%",2016,0.634618463071113,0.537241999131966,0.57919153256647,"median"
"716","Convex Decrease","95%",2017,0.629936442928967,0.533285602677162,0.575192320516022,"median"
"717","Convex Decrease","95%",2018,0.628471972911925,0.523732315532803,0.569592076297412,"median"
"718","Convex Decrease","95%",2019,0.621634737832465,0.521097906393977,0.569089238672664,"median"
"719","Convex Decrease","95%",2020,0.614749938970613,0.51915097898543,0.567784874911267,"median"
"720","Convex Decrease","95%",2021,0.614749938970613,0.51915097898543,0.567784874911267,"median"
"721","Linear Decrease","20%",1950,1,1,1,"median"
"722","Linear Decrease","20%",1951,1.03667271899224,0.954223237722908,0.98875936443337,"median"
"723","Linear Decrease","20%",1952,1.04005164562838,0.937181664494429,0.98147300877445,"median"
"724","Linear Decrease","20%",1953,1.03811417638498,0.928916818837445,0.977999721956003,"median"
"725","Linear Decrease","20%",1954,1.04007202461753,0.926459148316658,0.978047375831196,"median"
"726","Linear Decrease","20%",1955,1.04416076157971,0.926425999875219,0.981067231907184,"median"
"727","Linear Decrease","20%",1956,1.0518338614469,0.929494307812572,0.986131117225386,"median"
"728","Linear Decrease","20%",1957,1.0620540683537,0.934855136207106,0.9937835655779,"median"
"729","Linear Decrease","20%",1958,1.06969387357863,0.941180300136661,0.999977680245276,"median"
"730","Linear Decrease","20%",1959,1.07836228216524,0.938294151431438,1.00290693717351,"median"
"731","Linear Decrease","20%",1960,1.0909374376624,0.93319510528796,1.00196823546695,"median"
"732","Linear Decrease","20%",1961,1.08993757025227,0.928915765726506,0.998888176388402,"median"
"733","Linear Decrease","20%",1962,1.08589924545447,0.919837561737959,0.993156327694032,"median"
"734","Linear Decrease","20%",1963,1.07433000795294,0.911771046149324,0.98124530342406,"median"
"735","Linear Decrease","20%",1964,1.05489835875,0.900518048892099,0.968684886450361,"median"
"736","Linear Decrease","20%",1965,1.03850972807903,0.879027065104014,0.95153207926247,"median"
"737","Linear Decrease","20%",1966,1.02292222394618,0.864972383100538,0.938041269828582,"median"
"738","Linear Decrease","20%",1967,1.01440969744897,0.855046620482572,0.926640393801081,"median"
"739","Linear Decrease","20%",1968,1.00741691053953,0.844746744017241,0.917055262500857,"median"
"740","Linear Decrease","20%",1969,1.00045954733104,0.834648110941535,0.908528916881148,"median"
"741","Linear Decrease","20%",1970,0.98772942670569,0.821241322073509,0.897102899373367,"median"
"742","Linear Decrease","20%",1971,0.975191561596112,0.807901510322311,0.882699793137554,"median"
"743","Linear Decrease","20%",1972,0.965193896484167,0.799640640732443,0.871652292706126,"median"
"744","Linear Decrease","20%",1973,0.957584915596153,0.796058692030195,0.866841674172222,"median"
"745","Linear Decrease","20%",1974,0.955776712609287,0.789183911762692,0.864505296506749,"median"
"746","Linear Decrease","20%",1975,0.952656506296268,0.78117692720178,0.857668087201649,"median"
"747","Linear Decrease","20%",1976,0.939719454323531,0.769380260264223,0.847602623810846,"median"
"748","Linear Decrease","20%",1977,0.928563791859278,0.756182803992104,0.83193506513459,"median"
"749","Linear Decrease","20%",1978,0.915690147251201,0.740493530051687,0.817806296815107,"median"
"750","Linear Decrease","20%",1979,0.903542277251286,0.730191162375019,0.806824566035941,"median"
"751","Linear Decrease","20%",1980,0.888385062727946,0.720164811473336,0.798480079959905,"median"
"752","Linear Decrease","20%",1981,0.876473962690439,0.706619823107424,0.785543337713274,"median"
"753","Linear Decrease","20%",1982,0.859223020892847,0.695435163780802,0.772058423709347,"median"
"754","Linear Decrease","20%",1983,0.845426695730692,0.677786271149692,0.756576004019985,"median"
"755","Linear Decrease","20%",1984,0.834104443803886,0.666128279150186,0.744849474775539,"median"
"756","Linear Decrease","20%",1985,0.828082243366203,0.662517615226222,0.740011866606205,"median"
"757","Linear Decrease","20%",1986,0.825298462876361,0.661649380774056,0.736371365279946,"median"
"758","Linear Decrease","20%",1987,0.817870354302043,0.653593859647627,0.727887703599333,"median"
"759","Linear Decrease","20%",1988,0.806903035846316,0.640949037019258,0.717093556179456,"median"
"760","Linear Decrease","20%",1989,0.794847897734258,0.628401037850675,0.705316441893904,"median"
"761","Linear Decrease","20%",1990,0.783188574180021,0.61661255070106,0.695420815676018,"median"
"762","Linear Decrease","20%",1991,0.778679912125802,0.611728255401657,0.69239732368868,"median"
"763","Linear Decrease","20%",1992,0.783577457061638,0.610806940614758,0.688796527117718,"median"
"764","Linear Decrease","20%",1993,0.785525476573478,0.610351186412522,0.690931935506378,"median"
"765","Linear Decrease","20%",1994,0.782510295976738,0.606470403111024,0.685001517196145,"median"
"766","Linear Decrease","20%",1995,0.767181361572795,0.592329444238473,0.669722845207025,"median"
"767","Linear Decrease","20%",1996,0.744560120434259,0.572629986876169,0.649673711304043,"median"
"768","Linear Decrease","20%",1997,0.723285937768989,0.558163942206995,0.632424834769475,"median"
"769","Linear Decrease","20%",1998,0.708389977427477,0.546397318506663,0.617793020814751,"median"
"770","Linear Decrease","20%",1999,0.696690508384979,0.53441871051288,0.608337746872664,"median"
"771","Linear Decrease","20%",2000,0.688178169117622,0.529177042675291,0.601266940918813,"median"
"772","Linear Decrease","20%",2001,0.682014778647337,0.52260904174626,0.59419979328772,"median"
"773","Linear Decrease","20%",2002,0.675711239205573,0.517785750544683,0.588278310459925,"median"
"774","Linear Decrease","20%",2003,0.6707453735282,0.51102088742629,0.581571739107217,"median"
"775","Linear Decrease","20%",2004,0.661486729777817,0.502193698343014,0.57232482120695,"median"
"776","Linear Decrease","20%",2005,0.646629159143146,0.493198699608321,0.561711227000194,"median"
"777","Linear Decrease","20%",2006,0.63280401901679,0.48083815685015,0.549811468897203,"median"
"778","Linear Decrease","20%",2007,0.615496337151279,0.466371318883751,0.534403160555195,"median"
"779","Linear Decrease","20%",2008,0.607279994151172,0.45881519075265,0.524337117498168,"median"
"780","Linear Decrease","20%",2009,0.602688977092032,0.453860302639313,0.519596630378222,"median"
"781","Linear Decrease","20%",2010,0.602139770413558,0.450199491955546,0.517274620963869,"median"
"782","Linear Decrease","20%",2011,0.595129405800924,0.445678522848309,0.512627892838578,"median"
"783","Linear Decrease","20%",2012,0.580765215887676,0.435417596968143,0.500774766843775,"median"
"784","Linear Decrease","20%",2013,0.559626158247115,0.420844552409064,0.484665121571624,"median"
"785","Linear Decrease","20%",2014,0.5399450723249,0.405111906055049,0.464779723934529,"median"
"786","Linear Decrease","20%",2015,0.521917866807198,0.391510494592167,0.448987132530609,"median"
"787","Linear Decrease","20%",2016,0.510847559019188,0.3835988537279,0.440973355660756,"median"
"788","Linear Decrease","20%",2017,0.503496787545738,0.374409218209819,0.43510474384236,"median"
"789","Linear Decrease","20%",2018,0.494266772289435,0.365457439373716,0.426507117685895,"median"
"790","Linear Decrease","20%",2019,0.485267428122416,0.358924613363281,0.416926015306563,"median"
"791","Linear Decrease","20%",2020,0.472234802960502,0.346154582608866,0.404198915891697,"median"
"792","Linear Decrease","20%",2021,0.472234802960502,0.346154582608866,0.404198915891697,"median"
"793","Linear Decrease","40%",1950,1,1,1,"median"
"794","Linear Decrease","40%",1951,1.01741837616487,0.941964389789522,0.979667471643584,"median"
"795","Linear Decrease","40%",1952,1.02631289541237,0.923583718767501,0.968527907926236,"median"
"796","Linear Decrease","40%",1953,1.03048788138618,0.913613431796579,0.964674037074782,"median"
"797","Linear Decrease","40%",1954,1.02670390715196,0.900564785217256,0.961699343343616,"median"
"798","Linear Decrease","40%",1955,1.03933546944973,0.908746669404003,0.963735759958395,"median"
"799","Linear Decrease","40%",1956,1.04624274357002,0.908604963524138,0.967058535248875,"median"
"800","Linear Decrease","40%",1957,1.05638933738813,0.90935403253311,0.973658060408033,"median"
"801","Linear Decrease","40%",1958,1.05851162287198,0.909510648949335,0.981292952541388,"median"
"802","Linear Decrease","40%",1959,1.06959615820918,0.907584227438746,0.980939993392236,"median"
"803","Linear Decrease","40%",1960,1.07373137512179,0.913731451297647,0.980400337727477,"median"
"804","Linear Decrease","40%",1961,1.07684676047849,0.908984525409652,0.979888546059925,"median"
"805","Linear Decrease","40%",1962,1.06877492207089,0.903953110437974,0.972593764229204,"median"
"806","Linear Decrease","40%",1963,1.06728262222223,0.891218859430608,0.968366713205439,"median"
"807","Linear Decrease","40%",1964,1.0479937455852,0.873108227198013,0.951609209466466,"median"
"808","Linear Decrease","40%",1965,1.03116906978098,0.85650203371463,0.937985583706624,"median"
"809","Linear Decrease","40%",1966,1.02400488483655,0.847067862585912,0.926995259906713,"median"
"810","Linear Decrease","40%",1967,1.01335491498196,0.833083248882535,0.919652333293655,"median"
"811","Linear Decrease","40%",1968,1.00367118515688,0.82610999973875,0.909472286848799,"median"
"812","Linear Decrease","40%",1969,0.992134609387022,0.810450429485633,0.896171519451423,"median"
"813","Linear Decrease","40%",1970,0.987636851255542,0.802311682019391,0.885994069351062,"median"
"814","Linear Decrease","40%",1971,0.979090715275706,0.792831054649446,0.87627376454624,"median"
"815","Linear Decrease","40%",1972,0.964135617215717,0.778950625434066,0.865084358066568,"median"
"816","Linear Decrease","40%",1973,0.959068717258569,0.774727589653432,0.856503358737354,"median"
"817","Linear Decrease","40%",1974,0.946727263552649,0.765753063590429,0.852953748837394,"median"
"818","Linear Decrease","40%",1975,0.941034768477616,0.754314121114244,0.837817592995501,"median"
"819","Linear Decrease","40%",1976,0.93715846599201,0.743838498077562,0.832843959508582,"median"
"820","Linear Decrease","40%",1977,0.929514082136298,0.735988703763049,0.828134929886642,"median"
"821","Linear Decrease","40%",1978,0.916470388620803,0.72285814790972,0.811065184544864,"median"
"822","Linear Decrease","40%",1979,0.90455854075118,0.71380732746562,0.800393880643193,"median"
"823","Linear Decrease","40%",1980,0.889029221432422,0.703345450139403,0.789473366860179,"median"
"824","Linear Decrease","40%",1981,0.879220756361428,0.693774995692787,0.774964130284106,"median"
"825","Linear Decrease","40%",1982,0.858125682800655,0.674867626340339,0.755284156598333,"median"
"826","Linear Decrease","40%",1983,0.84447103089314,0.662363337480237,0.745353651170229,"median"
"827","Linear Decrease","40%",1984,0.832915612883789,0.651967092063684,0.734473873592001,"median"
"828","Linear Decrease","40%",1985,0.827505275134264,0.64418369530133,0.728207135583049,"median"
"829","Linear Decrease","40%",1986,0.825866746905215,0.639462795493717,0.725354618687898,"median"
"830","Linear Decrease","40%",1987,0.817660665036248,0.633817790625612,0.71889040937364,"median"
"831","Linear Decrease","40%",1988,0.805301525656554,0.62946311865881,0.705375325809399,"median"
"832","Linear Decrease","40%",1989,0.799957015452003,0.623372329288009,0.701194938261452,"median"
"833","Linear Decrease","40%",1990,0.795582761932627,0.611501004924688,0.695160989192705,"median"
"834","Linear Decrease","40%",1991,0.78776896421886,0.606672502222561,0.686929065727272,"median"
"835","Linear Decrease","40%",1992,0.783509438139892,0.601258947155669,0.679710977312631,"median"
"836","Linear Decrease","40%",1993,0.783199131814455,0.592927886793764,0.677171827580579,"median"
"837","Linear Decrease","40%",1994,0.778152831022825,0.586802326404308,0.672525991189665,"median"
"838","Linear Decrease","40%",1995,0.75592146204978,0.57131977971261,0.653018689159991,"median"
"839","Linear Decrease","40%",1996,0.739124224485833,0.556672364760195,0.636265057258672,"median"
"840","Linear Decrease","40%",1997,0.724164090038145,0.5437141768506,0.62366372133702,"median"
"841","Linear Decrease","40%",1998,0.707067239035392,0.533565644291742,0.608758850806803,"median"
"842","Linear Decrease","40%",1999,0.693623810870377,0.523837001019823,0.597570276701502,"median"
"843","Linear Decrease","40%",2000,0.690978201603827,0.515595529195852,0.595410726199262,"median"
"844","Linear Decrease","40%",2001,0.682894209333162,0.508631432508562,0.582530570035099,"median"
"845","Linear Decrease","40%",2002,0.677171150462308,0.504233737326197,0.575978712316834,"median"
"846","Linear Decrease","40%",2003,0.66569290906416,0.500047521638333,0.57290217396898,"median"
"847","Linear Decrease","40%",2004,0.658153703845783,0.491964292740772,0.569207886992545,"median"
"848","Linear Decrease","40%",2005,0.643740015957712,0.475614916068958,0.554824426809893,"median"
"849","Linear Decrease","40%",2006,0.630944542987171,0.465114650621866,0.540739725007449,"median"
"850","Linear Decrease","40%",2007,0.618913120235729,0.456643649823687,0.527312588010882,"median"
"851","Linear Decrease","40%",2008,0.608347518260775,0.446409158109398,0.520226072373994,"median"
"852","Linear Decrease","40%",2009,0.606274929866672,0.444077421519053,0.517627907750081,"median"
"853","Linear Decrease","40%",2010,0.603802689920136,0.441060159637451,0.51270920895308,"median"
"854","Linear Decrease","40%",2011,0.589942864901164,0.431141259498053,0.505188616546618,"median"
"855","Linear Decrease","40%",2012,0.579887043969673,0.423029252888427,0.493060022510292,"median"
"856","Linear Decrease","40%",2013,0.568004374037397,0.405485868612187,0.477325140090521,"median"
"857","Linear Decrease","40%",2014,0.545709688716638,0.386444536030154,0.458768716432926,"median"
"858","Linear Decrease","40%",2015,0.533693039203952,0.378407207978664,0.447977353481313,"median"
"859","Linear Decrease","40%",2016,0.52601614540375,0.371843781924829,0.442116066518495,"median"
"860","Linear Decrease","40%",2017,0.508630075440319,0.355402283177347,0.42604860530187,"median"
"861","Linear Decrease","40%",2018,0.496547861738011,0.349069281564635,0.416625022029041,"median"
"862","Linear Decrease","40%",2019,0.49027649461578,0.343188134309097,0.410477112507868,"median"
"863","Linear Decrease","40%",2020,0.482997012536375,0.337232736944442,0.400476483214594,"median"
"864","Linear Decrease","40%",2021,0.482997012536375,0.337232736944442,0.400476483214594,"median"
"865","Linear Decrease","60%",1950,1,1,1,"median"
"866","Linear Decrease","60%",1951,1.01721524639271,0.898125421881152,0.971527308211126,"median"
"867","Linear Decrease","60%",1952,1.03030911114368,0.867310145898661,0.950815531580649,"median"
"868","Linear Decrease","60%",1953,1.04818101273318,0.861238335251858,0.941885155004007,"median"
"869","Linear Decrease","60%",1954,1.0552618436481,0.848490367299125,0.933505773333879,"median"
"870","Linear Decrease","60%",1955,1.060315612785,0.847496990452406,0.941492094419418,"median"
"871","Linear Decrease","60%",1956,1.06062299057784,0.845575902304012,0.940520557022354,"median"
"872","Linear Decrease","60%",1957,1.06888608675071,0.832974977233619,0.940152923880659,"median"
"873","Linear Decrease","60%",1958,1.08056176807741,0.837236875067957,0.942998991758431,"median"
"874","Linear Decrease","60%",1959,1.10152683344634,0.846540628437631,0.957053945204594,"median"
"875","Linear Decrease","60%",1960,1.11866640480599,0.855491732542866,0.966368717645378,"median"
"876","Linear Decrease","60%",1961,1.12990000247763,0.859851468693838,0.978579589556258,"median"
"877","Linear Decrease","60%",1962,1.12393587970786,0.841833239677988,0.974007926488505,"median"
"878","Linear Decrease","60%",1963,1.11426531552832,0.831085372046523,0.956887413775162,"median"
"879","Linear Decrease","60%",1964,1.08517616549859,0.804815929295489,0.928034451233736,"median"
"880","Linear Decrease","60%",1965,1.07061164174824,0.781117691928393,0.911864170516286,"median"
"881","Linear Decrease","60%",1966,1.05943394472951,0.778801324529508,0.900710366667653,"median"
"882","Linear Decrease","60%",1967,1.04425603388209,0.76860604567744,0.89381327401376,"median"
"883","Linear Decrease","60%",1968,1.04363246844496,0.758663645882266,0.883190055835303,"median"
"884","Linear Decrease","60%",1969,1.02597047300634,0.733272191836108,0.860745289370412,"median"
"885","Linear Decrease","60%",1970,1.03534006915695,0.730991388806198,0.861053346757027,"median"
"886","Linear Decrease","60%",1971,1.02134016620707,0.724508776209533,0.848397827619745,"median"
"887","Linear Decrease","60%",1972,1.01950192919692,0.716214433962563,0.846433822954931,"median"
"888","Linear Decrease","60%",1973,1.00899948565588,0.710004077531889,0.839002468570213,"median"
"889","Linear Decrease","60%",1974,0.99919525437434,0.699341332499246,0.829927673825989,"median"
"890","Linear Decrease","60%",1975,1.00010214295242,0.695375966764244,0.814888482512429,"median"
"891","Linear Decrease","60%",1976,0.988464529179871,0.676262558925999,0.812563863919613,"median"
"892","Linear Decrease","60%",1977,0.982350551581149,0.664691121681581,0.806819899584931,"median"
"893","Linear Decrease","60%",1978,0.970261196144085,0.653033660380641,0.786562148521144,"median"
"894","Linear Decrease","60%",1979,0.956578004939846,0.642720892976681,0.77821195758734,"median"
"895","Linear Decrease","60%",1980,0.940899029282892,0.632484246594574,0.770165005883423,"median"
"896","Linear Decrease","60%",1981,0.925804714868348,0.617010881131502,0.756147995275664,"median"
"897","Linear Decrease","60%",1982,0.906012878001252,0.60161104025997,0.737702284386847,"median"
"898","Linear Decrease","60%",1983,0.890180778882596,0.588998416116215,0.726818797954706,"median"
"899","Linear Decrease","60%",1984,0.877352190756959,0.58364173350541,0.720877218638528,"median"
"900","Linear Decrease","60%",1985,0.872865291704036,0.582600315728566,0.713354696555103,"median"
"901","Linear Decrease","60%",1986,0.878559064908753,0.582516820569299,0.707002025780841,"median"
"902","Linear Decrease","60%",1987,0.864402834486834,0.572353455844531,0.704057980679996,"median"
"903","Linear Decrease","60%",1988,0.848627369419419,0.558836325784123,0.689127550635572,"median"
"904","Linear Decrease","60%",1989,0.837891085877806,0.550723178937559,0.679067315862685,"median"
"905","Linear Decrease","60%",1990,0.833579203754843,0.542073923074785,0.67231088629906,"median"
"906","Linear Decrease","60%",1991,0.830898954857565,0.535874187369575,0.666773549212861,"median"
"907","Linear Decrease","60%",1992,0.81476439611141,0.531778333194953,0.661052221462069,"median"
"908","Linear Decrease","60%",1993,0.820029286050839,0.527419861939491,0.6583132156318,"median"
"909","Linear Decrease","60%",1994,0.834755848789096,0.536229999395937,0.664125435186607,"median"
"910","Linear Decrease","60%",1995,0.819094728421319,0.51929631593069,0.64781516085746,"median"
"911","Linear Decrease","60%",1996,0.791183351626744,0.500525650899222,0.631779928995017,"median"
"912","Linear Decrease","60%",1997,0.768305633776439,0.483680120967035,0.609487012313064,"median"
"913","Linear Decrease","60%",1998,0.751401979083349,0.473960914943672,0.594754365857436,"median"
"914","Linear Decrease","60%",1999,0.742845834064197,0.462513321519155,0.587445737633899,"median"
"915","Linear Decrease","60%",2000,0.735609103329414,0.462851062759659,0.580615246060952,"median"
"916","Linear Decrease","60%",2001,0.731598639743309,0.457633429750244,0.573121260691452,"median"
"917","Linear Decrease","60%",2002,0.721149632370516,0.446009538081979,0.565492540975163,"median"
"918","Linear Decrease","60%",2003,0.714736994417693,0.442489511914328,0.557498427806889,"median"
"919","Linear Decrease","60%",2004,0.696440192888408,0.432572716419752,0.546622621341538,"median"
"920","Linear Decrease","60%",2005,0.679745173025131,0.420126777677057,0.534557497932243,"median"
"921","Linear Decrease","60%",2006,0.666666898936828,0.413759366686427,0.524470066199402,"median"
"922","Linear Decrease","60%",2007,0.652803328503683,0.396762018954751,0.509494727083524,"median"
"923","Linear Decrease","60%",2008,0.639920456421174,0.390944497381,0.49977160821832,"median"
"924","Linear Decrease","60%",2009,0.640335920070764,0.386168275063411,0.497005214066357,"median"
"925","Linear Decrease","60%",2010,0.638399413288746,0.387149357311685,0.50037361924233,"median"
"926","Linear Decrease","60%",2011,0.625803405570309,0.382388917875856,0.494090780065215,"median"
"927","Linear Decrease","60%",2012,0.621895923327424,0.377443276174562,0.48690655195994,"median"
"928","Linear Decrease","60%",2013,0.604639430162379,0.364727661009964,0.471092875090629,"median"
"929","Linear Decrease","60%",2014,0.577985686401002,0.346740890305842,0.44781350994385,"median"
"930","Linear Decrease","60%",2015,0.558320026297515,0.337958377866747,0.433443006712032,"median"
"931","Linear Decrease","60%",2016,0.552306596047127,0.332028666237732,0.429279771078835,"median"
"932","Linear Decrease","60%",2017,0.53250464224337,0.313526386793191,0.409760830627379,"median"
"933","Linear Decrease","60%",2018,0.523486500626924,0.309290835592229,0.402940768777016,"median"
"934","Linear Decrease","60%",2019,0.528094310652038,0.304404416660187,0.39860229772186,"median"
"935","Linear Decrease","60%",2020,0.516790422389416,0.300818732858282,0.391982665739776,"median"
"936","Linear Decrease","60%",2021,0.516790422389416,0.300818732858282,0.391982665739776,"median"
"937","Linear Decrease","80%",1950,1,1,1,"median"
"938","Linear Decrease","80%",1951,1.00136344428401,0.959992094101579,0.98674282739875,"median"
"939","Linear Decrease","80%",1952,1.02154005726875,0.945306869591406,0.982467710036689,"median"
"940","Linear Decrease","80%",1953,1.02492225645481,0.936627665213307,0.978733426391287,"median"
"941","Linear Decrease","80%",1954,1.02677438016279,0.925442577926167,0.972982910492899,"median"
"942","Linear Decrease","80%",1955,1.02368958310713,0.912587974575906,0.970758900221242,"median"
"943","Linear Decrease","80%",1956,1.03120163983013,0.907442615386275,0.963293953672121,"median"
"944","Linear Decrease","80%",1957,1.03537414622133,0.896018909455361,0.96426268880497,"median"
"945","Linear Decrease","80%",1958,1.04131379580914,0.894719286935581,0.968022167774531,"median"
"946","Linear Decrease","80%",1959,1.04826539402585,0.890888358290021,0.961695424489499,"median"
"947","Linear Decrease","80%",1960,1.06515217737618,0.89315700023753,0.963798097588258,"median"
"948","Linear Decrease","80%",1961,1.07061474935842,0.896732042781621,0.963292494863286,"median"
"949","Linear Decrease","80%",1962,1.07298338273101,0.88254856758664,0.954994168681183,"median"
"950","Linear Decrease","80%",1963,1.05109751580931,0.872428177935923,0.948376239800646,"median"
"951","Linear Decrease","80%",1964,1.03534388740056,0.865360751649798,0.938027048719389,"median"
"952","Linear Decrease","80%",1965,1.02529156922678,0.854933835515277,0.928161631395877,"median"
"953","Linear Decrease","80%",1966,1.01153502323038,0.844338852959326,0.91960308080824,"median"
"954","Linear Decrease","80%",1967,1.01563229843871,0.838920793042781,0.912237729002981,"median"
"955","Linear Decrease","80%",1968,0.995768488026762,0.819248530596915,0.90306742271842,"median"
"956","Linear Decrease","80%",1969,0.991777104519568,0.803854908475784,0.890386681326542,"median"
"957","Linear Decrease","80%",1970,0.988379187772418,0.798966782020706,0.883701831621263,"median"
"958","Linear Decrease","80%",1971,0.975516989491821,0.786161593619721,0.874713842529813,"median"
"959","Linear Decrease","80%",1972,0.961735728783669,0.772835280791586,0.861404128219064,"median"
"960","Linear Decrease","80%",1973,0.948674113761978,0.765342424254748,0.850980784836648,"median"
"961","Linear Decrease","80%",1974,0.939336027401663,0.755811659883778,0.845817211525174,"median"
"962","Linear Decrease","80%",1975,0.930962716015131,0.746790197998491,0.836519689275866,"median"
"963","Linear Decrease","80%",1976,0.926911634122243,0.739747579756263,0.826573198457953,"median"
"964","Linear Decrease","80%",1977,0.922822038515007,0.731172149994989,0.818279138956309,"median"
"965","Linear Decrease","80%",1978,0.902524572084003,0.710701791109775,0.798634543010869,"median"
"966","Linear Decrease","80%",1979,0.889333728849701,0.706251506479317,0.794903328460616,"median"
"967","Linear Decrease","80%",1980,0.882578208340355,0.696342078353302,0.783690709957512,"median"
"968","Linear Decrease","80%",1981,0.870387722229809,0.686126460220862,0.769885319229977,"median"
"969","Linear Decrease","80%",1982,0.852531354117489,0.673088631429812,0.757748147387038,"median"
"970","Linear Decrease","80%",1983,0.848075803069272,0.665462443443239,0.749601074461655,"median"
"971","Linear Decrease","80%",1984,0.842663693457221,0.659646883148363,0.740577886897772,"median"
"972","Linear Decrease","80%",1985,0.834370745983707,0.648837452593737,0.731595868117832,"median"
"973","Linear Decrease","80%",1986,0.832589034606454,0.642098362301427,0.726355764390342,"median"
"974","Linear Decrease","80%",1987,0.82243622125502,0.630849027247588,0.717927751795491,"median"
"975","Linear Decrease","80%",1988,0.813055659854057,0.624201290566496,0.710919617289697,"median"
"976","Linear Decrease","80%",1989,0.80867409099815,0.615541263690617,0.706567483165076,"median"
"977","Linear Decrease","80%",1990,0.799074943096962,0.607369384069107,0.691356765432122,"median"
"978","Linear Decrease","80%",1991,0.785970514928386,0.59862060889661,0.687238562093642,"median"
"979","Linear Decrease","80%",1992,0.778428174299009,0.590673808809026,0.681407170557476,"median"
"980","Linear Decrease","80%",1993,0.773230791424159,0.587698367237244,0.673359830820926,"median"
"981","Linear Decrease","80%",1994,0.756232473106954,0.583005007361976,0.66881206099098,"median"
"982","Linear Decrease","80%",1995,0.743177038229986,0.567874744354044,0.655365279311234,"median"
"983","Linear Decrease","80%",1996,0.727482660507969,0.555831499561595,0.639977854227727,"median"
"984","Linear Decrease","80%",1997,0.712498079931417,0.543103294874926,0.620138748043148,"median"
"985","Linear Decrease","80%",1998,0.697285405735479,0.530658287021215,0.606513381513077,"median"
"986","Linear Decrease","80%",1999,0.686379993058934,0.522713460204916,0.5971023657288,"median"
"987","Linear Decrease","80%",2000,0.675071314272172,0.513570915771878,0.587750429229994,"median"
"988","Linear Decrease","80%",2001,0.666041827996219,0.507427819680775,0.579108399680765,"median"
"989","Linear Decrease","80%",2002,0.654030271882084,0.499858788413074,0.568840050812701,"median"
"990","Linear Decrease","80%",2003,0.643746507095982,0.493493075013041,0.561472212472352,"median"
"991","Linear Decrease","80%",2004,0.634978534220817,0.487270897283155,0.553914779993374,"median"
"992","Linear Decrease","80%",2005,0.626272949543036,0.476871205547429,0.544670902605754,"median"
"993","Linear Decrease","80%",2006,0.616940046543386,0.46642296979483,0.536941309845621,"median"
"994","Linear Decrease","80%",2007,0.606187451665246,0.458357134483928,0.525507454655959,"median"
"995","Linear Decrease","80%",2008,0.599475516874859,0.444476910649011,0.514233922151683,"median"
"996","Linear Decrease","80%",2009,0.587201028704424,0.439010017591038,0.506945247238226,"median"
"997","Linear Decrease","80%",2010,0.57595815425019,0.433475810828474,0.500610964801254,"median"
"998","Linear Decrease","80%",2011,0.568286372284881,0.426148674259921,0.490473710177693,"median"
"999","Linear Decrease","80%",2012,0.559148428811954,0.417735631721715,0.484181300810431,"median"
"1000","Linear Decrease","80%",2013,0.545750658370335,0.40734266853849,0.47239121607127,"median"
"1001","Linear Decrease","80%",2014,0.535348517300871,0.392633728771048,0.460375769777941,"median"
"1002","Linear Decrease","80%",2015,0.525196867992437,0.379640930860687,0.451303005174909,"median"
"1003","Linear Decrease","80%",2016,0.511833423344835,0.37287850140887,0.4420368338984,"median"
"1004","Linear Decrease","80%",2017,0.498455194790555,0.355201142183634,0.426309759136425,"median"
"1005","Linear Decrease","80%",2018,0.501522717769858,0.349963487634246,0.417038142528073,"median"
"1006","Linear Decrease","80%",2019,0.494375859209446,0.345859741675273,0.411358467058656,"median"
"1007","Linear Decrease","80%",2020,0.490578140999674,0.343154484403452,0.402964961103082,"median"
"1008","Linear Decrease","80%",2021,0.490578140999674,0.343154484403452,0.402964961103082,"median"
"1009","Linear Decrease","95%",1950,1,1,1,"median"
"1010","Linear Decrease","95%",1951,1,1,1,"median"
"1011","Linear Decrease","95%",1952,1,1,1,"median"
"1012","Linear Decrease","95%",1953,1,0.989381394560783,0.996177977873626,"median"
"1013","Linear Decrease","95%",1954,0.999609032471887,0.981905338452407,0.992532910635199,"median"
"1014","Linear Decrease","95%",1955,0.995014119151541,0.975682418059406,0.987800768883822,"median"
"1015","Linear Decrease","95%",1956,0.992255857230996,0.967662008870093,0.982015995528469,"median"
"1016","Linear Decrease","95%",1957,0.986614591812242,0.957032344188016,0.972717992002152,"median"
"1017","Linear Decrease","95%",1958,0.981217214567574,0.94633703136871,0.964001847577696,"median"
"1018","Linear Decrease","95%",1959,0.976413839053159,0.938086253082845,0.960206164070511,"median"
"1019","Linear Decrease","95%",1960,0.974879465643474,0.930336899107113,0.953097912468176,"median"
"1020","Linear Decrease","95%",1961,0.968712128046901,0.919891474374373,0.946388998908497,"median"
"1021","Linear Decrease","95%",1962,0.963958634071772,0.908572847130617,0.934469556092036,"median"
"1022","Linear Decrease","95%",1963,0.960640305379052,0.897285146489276,0.923455833952045,"median"
"1023","Linear Decrease","95%",1964,0.948064535786018,0.889386300838325,0.915303335317499,"median"
"1024","Linear Decrease","95%",1965,0.933346338533039,0.881097218998052,0.904014634093636,"median"
"1025","Linear Decrease","95%",1966,0.928321415781309,0.8720682722691,0.899318696726025,"median"
"1026","Linear Decrease","95%",1967,0.919366874093862,0.861838736690186,0.890703336725936,"median"
"1027","Linear Decrease","95%",1968,0.911372589952134,0.847114245446202,0.878094698316133,"median"
"1028","Linear Decrease","95%",1969,0.903142441592958,0.840267066022862,0.865666009542469,"median"
"1029","Linear Decrease","95%",1970,0.890795883486707,0.829342472079715,0.854101705018629,"median"
"1030","Linear Decrease","95%",1971,0.880538056478425,0.818236050392444,0.843656883178918,"median"
"1031","Linear Decrease","95%",1972,0.869317181682685,0.805638383109946,0.833419339166513,"median"
"1032","Linear Decrease","95%",1973,0.859883377841669,0.795583481688829,0.823340204175685,"median"
"1033","Linear Decrease","95%",1974,0.851706177032804,0.784964814960398,0.811328573585038,"median"
"1034","Linear Decrease","95%",1975,0.843498664914194,0.776142626972513,0.807635178981522,"median"
"1035","Linear Decrease","95%",1976,0.837645914618226,0.767102083683243,0.79962112867908,"median"
"1036","Linear Decrease","95%",1977,0.823354632260083,0.756719363800244,0.789526521614586,"median"
"1037","Linear Decrease","95%",1978,0.815655689425303,0.749669651309247,0.783364827511587,"median"
"1038","Linear Decrease","95%",1979,0.809134916479745,0.740532903602339,0.777307139296273,"median"
"1039","Linear Decrease","95%",1980,0.80211949943253,0.72897566264241,0.76825408047337,"median"
"1040","Linear Decrease","95%",1981,0.793509272825732,0.717324932068066,0.7611776888218,"median"
"1041","Linear Decrease","95%",1982,0.787982733342122,0.707234136819098,0.753883172151683,"median"
"1042","Linear Decrease","95%",1983,0.782227761302231,0.695458895648432,0.746063463942755,"median"
"1043","Linear Decrease","95%",1984,0.772764110776664,0.689325560167798,0.737178578416656,"median"
"1044","Linear Decrease","95%",1985,0.763951328267213,0.682365736802059,0.727736745818669,"median"
"1045","Linear Decrease","95%",1986,0.757249578323812,0.671806678514592,0.717924180679385,"median"
"1046","Linear Decrease","95%",1987,0.750723691209165,0.662650790257894,0.709886838448505,"median"
"1047","Linear Decrease","95%",1988,0.744297343430331,0.654402691292695,0.702003374838466,"median"
"1048","Linear Decrease","95%",1989,0.736716420063253,0.645062919928734,0.691362448736214,"median"
"1049","Linear Decrease","95%",1990,0.727909411785908,0.637556053747104,0.67730485812867,"median"
"1050","Linear Decrease","95%",1991,0.712989411751833,0.629598574531769,0.667865529010727,"median"
"1051","Linear Decrease","95%",1992,0.708019723084431,0.624142868177631,0.660319283143235,"median"
"1052","Linear Decrease","95%",1993,0.69736048236571,0.614860211241605,0.649794900267688,"median"
"1053","Linear Decrease","95%",1994,0.686954089266532,0.603871921627373,0.640099537518567,"median"
"1054","Linear Decrease","95%",1995,0.678826846633458,0.594541484907283,0.630549109148391,"median"
"1055","Linear Decrease","95%",1996,0.668286507150111,0.585528331256446,0.62095981362773,"median"
"1056","Linear Decrease","95%",1997,0.657608498202886,0.577884961987359,0.611232988431144,"median"
"1057","Linear Decrease","95%",1998,0.644948557999382,0.56830134256631,0.601388800255566,"median"
"1058","Linear Decrease","95%",1999,0.6326360061671,0.556466752381849,0.590829475897111,"median"
"1059","Linear Decrease","95%",2000,0.621916232552551,0.549127238651657,0.580710522621156,"median"
"1060","Linear Decrease","95%",2001,0.611974824272346,0.541326312380144,0.570922448109853,"median"
"1061","Linear Decrease","95%",2002,0.601627586788084,0.532923221405859,0.562054771566704,"median"
"1062","Linear Decrease","95%",2003,0.598895605043879,0.52289528532517,0.553506798950168,"median"
"1063","Linear Decrease","95%",2004,0.590060357720029,0.512499238797669,0.545071070550396,"median"
"1064","Linear Decrease","95%",2005,0.583501996103894,0.50171370370266,0.536506228397654,"median"
"1065","Linear Decrease","95%",2006,0.574223082288853,0.493051429191708,0.528141968696083,"median"
"1066","Linear Decrease","95%",2007,0.570195529993132,0.484359278421811,0.519805958847568,"median"
"1067","Linear Decrease","95%",2008,0.564676580853535,0.474702269700422,0.514586913783346,"median"
"1068","Linear Decrease","95%",2009,0.556322613503669,0.467323703081413,0.506929815128712,"median"
"1069","Linear Decrease","95%",2010,0.549874067990511,0.4597322476897,0.504210029274838,"median"
"1070","Linear Decrease","95%",2011,0.541703367365788,0.451365195800216,0.493651907286443,"median"
"1071","Linear Decrease","95%",2012,0.525033027656761,0.443297629182411,0.482805367764885,"median"
"1072","Linear Decrease","95%",2013,0.51110876222557,0.432870483440018,0.46950235392481,"median"
"1073","Linear Decrease","95%",2014,0.502437408355004,0.425383364259115,0.461406637265074,"median"
"1074","Linear Decrease","95%",2015,0.495239755023552,0.4190541970618,0.454046322268043,"median"
"1075","Linear Decrease","95%",2016,0.486429478833989,0.412750198826337,0.446269679973464,"median"
"1076","Linear Decrease","95%",2017,0.476150261556363,0.405524463631905,0.436758902850777,"median"
"1077","Linear Decrease","95%",2018,0.467149551771985,0.397666309656296,0.430051145111966,"median"
"1078","Linear Decrease","95%",2019,0.462490204490287,0.393036071662876,0.421887903879516,"median"
"1079","Linear Decrease","95%",2020,0.461799747456683,0.38475593402622,0.413926638975633,"median"
"1080","Linear Decrease","95%",2021,0.461799747456683,0.38475593402622,0.413926638975633,"median"
